tweet_id,username,name,verified,date,text,likes,retweets,hashtags,mentions,cashtags,urls,is_retweet
1916694738482483411,elonmusk,Elon Musk,No,2025-04-28T03:23:30+00:00,The difference in power is massive,60758,14488,,,,,No
1519480761749016577,elonmusk,Elon Musk,No,2022-04-28T00:56:58+00:00,Next I‚Äôm buying Coca-Cola to put the cocaine back in,4350094,605451,,,,,No
1812258574049157405,elonmusk,Elon Musk,No,2024-07-13T22:51:28+00:00,https://t.co/6eOgN9UdOy,3368079,403978,,,,https://t.co/6eOgN9UdOy,No
1518623997054918657,elonmusk,Elon Musk,No,2022-04-25T16:12:30+00:00,"I hope that even my worst critics remain on Twitter, because that is what free speech means",2955187,330063,,,,,No
1854026234339938528,elonmusk,Elon Musk,No,2024-11-06T05:01:15+00:00,üá∫üá∏üá∫üá∏The future is gonna be so üî• üá∫üá∏üá∫üá∏ https://t.co/x56cqb6oT5,2640438,212362,,,,https://t.co/x56cqb6oT5,No
1519495072802390016,elonmusk,Elon Musk,No,2022-04-28T01:53:50+00:00,Let‚Äôs make Twitter maximum fun!,2416870,172454,,,,,No
1518677066325053441,elonmusk,Elon Musk,No,2022-04-25T19:43:22+00:00,üöÄüí´‚ô•Ô∏è Yesss!!! ‚ô•Ô∏èüí´üöÄ https://t.co/0T9HzUHuh6,2385596,310572,,,,https://t.co/0T9HzUHuh6,No
1519495982723084290,elonmusk,Elon Musk,No,2022-04-28T01:57:27+00:00,"Listen, I can‚Äôt do miracles ok https://t.co/z7dvLMUXy8",2339950,189046,,,,https://t.co/z7dvLMUXy8,No
1854201929519247803,elonmusk,Elon Musk,No,2024-11-06T16:39:24+00:00,It is morning in America again https://t.co/GNTE0cUWoc,2380159,216022,,,,https://t.co/GNTE0cUWoc,No
1812256998588662068,elonmusk,Elon Musk,No,2024-07-13T22:45:13+00:00,I fully endorse President Trump and hope for his rapid recovery https://t.co/ZdxkF63EqF,2307501,356591,,,,https://t.co/ZdxkF63EqF,No
1585841080431321088,elonmusk,Elon Musk,No,2022-10-28T03:49:11+00:00,the bird is freed,2252087,308717,,,,,No
1854034776815972649,elonmusk,Elon Musk,No,2024-11-06T05:35:11+00:00,Let that sink in https://t.co/XvYFtDrhRm,2236700,230362,,,,https://t.co/XvYFtDrhRm,No
1586104694421659648,elonmusk,Elon Musk,No,2022-10-28T21:16:42+00:00,Comedy is now legal on Twitter,2147175,219042,,,,,No
1820685675899072930,elonmusk,Elon Musk,No,2024-08-06T04:57:46+00:00,https://t.co/FMCQKSB2u6,2135981,138821,,,,https://t.co/FMCQKSB2u6,No
1593459801966538755,elonmusk,Elon Musk,No,2022-11-18T04:23:16+00:00,https://t.co/rbwbsLA1ZG,1903428,202258,,,,https://t.co/rbwbsLA1ZG,No
1823742501884453312,elonmusk,Elon Musk,No,2024-08-14T15:24:30+00:00,Haters will say this is AI üï∫üï∫ https://t.co/vqWVxiYXeD,1820029,218696,,,,https://t.co/vqWVxiYXeD,No
1819067673818681724,elonmusk,Elon Musk,No,2024-08-01T17:48:24+00:00,Good,1800107,162756,,,,,No
1818986936310075743,elonmusk,Elon Musk,No,2024-08-01T12:27:35+00:00,Absolutely,1810422,289053,,,,,No
1523465632502906880,elonmusk,Elon Musk,No,2022-05-09T00:51:26+00:00,"If I die under mysterious circumstances, it‚Äôs been nice knowin ya",1719646,154978,,,,,No
1587894226695884800,elonmusk,Elon Musk,No,2022-11-02T19:47:39+00:00,https://t.co/kGncG7Hs3M,1689013,154478,,,,https://t.co/kGncG7Hs3M,No
329993701524918272,WarrenBuffett,Warren Buffett,No,2013-05-02T16:20:04+00:00,Warren is in the house.,22090,32119,,,,,No
573530466621517824,WarrenBuffett,Warren Buffett,No,2015-03-05T17:08:13+00:00,"Mary Rhinehart, a Berkshire CEO, is successfully running a $2.5B company in a male-dominated field #LeanInTogether http://t.co/MNgeXvee18",13067,2989,LeanInTogether,,2,http://t.co/MNgeXvee18,No
601826037157232641,WarrenBuffett,Warren Buffett,No,2015-05-22T19:04:43+00:00,"Better than raising the minimum wage, let's help Americans with an expansion of the Earned Income Tax Credit: http://t.co/XCLbi7VWfG",11094,3454,,,,http://t.co/XCLbi7VWfG,No
726056757978644482,WarrenBuffett,Warren Buffett,No,2016-04-29T14:33:15+00:00,Join me on Saturday at 10a ET for the first ever #BRKLiveStream on @YahooFinance https://t.co/u2wsogF7zn https://t.co/RPKqhniVTD,10990,2146,BRKLiveStream,YahooFinance,,"https://t.co/u2wsogF7zn,https://t.co/RPKqhniVTD",No
384483424364294144,WarrenBuffett,Warren Buffett,No,2013-09-30T01:02:46+00:00,Not even the Oracle knows what will happen tonight. #waltsuccessor http://t.co/EM8gIzZib5,9044,4626,waltsuccessor,,,http://t.co/EM8gIzZib5,No
330048241376837635,WarrenBuffett,Warren Buffett,No,2013-05-02T19:56:47+00:00,Read my new essay on why women are key to America's prosperity: http://t.co/sGCZoC3Lbm.,8888,9769,,,,http://t.co/sGCZoC3Lbm.,No
437953302920060928,WarrenBuffett,Warren Buffett,No,2014-02-24T14:12:58+00:00,Two personal investments and what you can learn from them: http://t.co/vwWfFvmTVb,7616,3657,,,,http://t.co/vwWfFvmTVb,No
751100959330361345,WarrenBuffett,Warren Buffett,No,2016-07-07T17:09:58+00:00,@BillGates 25 years of learning and fun and more to come. Friendships are what count.,4129,974,,BillGates,,,No
344238419523813376,WarrenBuffett,Warren Buffett,No,2013-06-10T23:43:29+00:00,Hello @Hillaryclinton! Happy to welcome one of my favorite women in the world to twitter. #45,2192,1460,45,Hillaryclinton,,,No
1881342416403214815,SecYellen,Secretary Janet Yellen (Archived),No,2025-01-20T14:06:00+00:00,I am deeply grateful for the opportunity to have served as the 78th Secretary of the @USTreasury. It has been one of the greatest honors of my career to work alongside such dedicated public servants who paired intellectual rigor with moral purpose. https://t.co/0FHO4fu0Sb,15392,1147,,USTreasury,,https://t.co/0FHO4fu0Sb,No
1852074223126147146,SecYellen,Secretary Janet Yellen (Archived),No,2024-10-31T19:44:39+00:00,A frank and productive exchange of views with my counterpart on key issues like expanding the global supply of candy and toys and tightening sanctions against chores. https://t.co/6yCcB2WFTO,65604,7143,,,,https://t.co/6yCcB2WFTO,No
1333431654497415169,SecYellen,Secretary Janet Yellen (Archived),No,2020-11-30T15:24:15+00:00,"We face great challenges as a country right now. To recover, we must restore the American dream‚Äîa society where each person can rise to their potential and dream even bigger for their children. As Treasury Secretary, I will work every day towards rebuilding that dream for all.",51434,6151,,,,,No
1354147776880377862,SecYellen,Secretary Janet Yellen (Archived),No,2021-01-26T19:22:43+00:00,"Economics isn‚Äôt just something you find in a textbook. It can be a potent tool to right past wrongs and improve people‚Äôs lives. That‚Äôs why so many of Treasury‚Äôs 84,000 public servants joined the Department. Today, I am proud to be one of them.",31051,4003,,,,,No
1355988399228919809,SecYellen,Secretary Janet Yellen (Archived),No,2021-01-31T21:16:42+00:00,Thank you @HamiltonMusical for including me in your narrative. I promise to bring Alexander‚Äôs (non-stop) work ethic to the room where it happens.,21969,1981,,HamiltonMusical,,,No
1333913622339207168,SecYellen,Secretary Janet Yellen (Archived),No,2020-12-01T23:19:25+00:00,"The Treasury Department must be an institution that wakes up every morning thinking about the American people. Your jobs, your paychecks. Your struggles, your hopes. Your dignity. And your limitless potential. We will work to restore that public trust and promise. https://t.co/ubxrE0sIc6",13500,1783,,,,https://t.co/ubxrE0sIc6,No
1355885276816683011,SecYellen,Secretary Janet Yellen (Archived),No,2021-01-31T14:26:55+00:00,The President is absolutely right: The benefits of acting now ‚Äî and acting big ‚Äî will far outweigh the costs in the long run.,12432,2643,,,,,No
1568256715103129600,SecYellen,Secretary Janet Yellen (Archived),No,2022-09-09T15:15:12+00:00,We are looking at every tool we have to make our economy more productive.,12973,902,,,,,No
1748434625385349223,SecYellen,Secretary Janet Yellen (Archived),No,2024-01-19T19:57:53+00:00,"I just received a demo of the upcoming IRS Direct File tool. The IRS has built an impressive product that will give taxpayers a secure option to file their taxes online for free. This pilot program will start small in 2024, to allow the IRS to test it and learn from taxpayers. https://t.co/1BvmMCcEdD",10666,1674,,,,https://t.co/1BvmMCcEdD,No
1347996927892320260,SecYellen,Secretary Janet Yellen (Archived),No,2021-01-09T20:01:26+00:00,"One thing is clear from the jobs report: We need to invest in small businesses. Not only will they be at the center of the recovery, they have been the hardest hit. We recognize that, and will provide assistance and focus on the businesses that serve the hardest hit communities.",10017,1604,,,,,No
1546441028420386817,SecYellen,Secretary Janet Yellen (Archived),No,2022-07-11T10:27:27+00:00,"Today in Tokyo, I had the honor of paying my respects to Prime Minister Abe Shinzo alongside @USAmbJapan Emanuel. Abe was a visionary leader for Japan and for the world. His legacy will live on in a more prosperous Japan and a stronger partnership between our two countries. https://t.co/0sOGUFjHnX",11079,2158,,USAmbJapan,,https://t.co/0sOGUFjHnX,No
1486732362478092288,SecYellen,Secretary Janet Yellen (Archived),No,2022-01-27T16:06:32+00:00,"In 2021 Q4, real GDP jumped 6.9% at an annual rate, and GDP rose 5.5% in 2021‚Äîthe strongest pace in 37 years.",7893,2221,,,,,No
1377401188103098379,SecYellen,Secretary Janet Yellen (Archived),No,2021-03-31T23:23:28+00:00,"When I first came to Washington in the early 1990s, 31 million women had joined the labor force since the time I left college in 1968. A higher percentage of US women worked than our counterparts in almost any other developed nation. Progress was on the move. Until it wasn‚Äôt.",7583,1819,,,,,No
1336071689583665152,SecYellen,Secretary Janet Yellen (Archived),No,2020-12-07T22:14:48+00:00,"Our mission is to restore economic prosperity and financial stability. We‚Äôll do that by pursuing an investment agenda to rebuild our infrastructure, create better jobs, advance racial equity, and fight the climate crisis. https://t.co/IDUKBlcFDs",7737,1211,,,,https://t.co/IDUKBlcFDs,No
1630242206908030977,SecYellen,Secretary Janet Yellen (Archived),No,2023-02-27T16:23:25+00:00,"Following @POTUS‚Äôs visit to Ukraine, I'm in Kyiv to reaffirm our unwavering commitment to Ukraine, discuss ways we can continue our support ‚Äì including through economic assistance ‚Äì and pay tribute to the bravery of the Ukrainian people a year after Russia's unprovoked invasion. https://t.co/avJaabavX7",7565,1176,,POTUS,,https://t.co/avJaabavX7,No
1455109530514300928,SecYellen,Secretary Janet Yellen (Archived),No,2021-11-01T09:48:41+00:00,It‚Äôs a Beautiful Day. https://t.co/m4PI4EOujR,7608,500,,,,https://t.co/m4PI4EOujR,No
1545471374751399936,SecYellen,Secretary Janet Yellen (Archived),No,2022-07-08T18:14:23+00:00,"Our economy has recovered all of the private sector jobs lost during the pandemic, with 372,000 jobs added in June and nearly 9 million jobs added since President Biden took office. This rapid and broad-based recovery puts us in a strong position to weather global headwinds.",6639,1778,,,,,No
1344759453271396356,SecYellen,Secretary Janet Yellen (Archived),No,2020-12-31T21:36:52+00:00,"The challenges we‚Äôre facing are unprecedented, and addressing the economic and public health crisis will require bold action. As we look to the new year, I want the American people to know that, if confirmed, I will work every day to build an economy that works better for us all.",7032,987,,,,,No
1365720967427809280,SecYellen,Secretary Janet Yellen (Archived),No,2021-02-27T17:50:27+00:00,As an economist‚Äî and an American‚Äî I applaud the House‚Äôs favorable vote on the American Rescue Plan. There‚Äôs a broad consensus among economists: People need more help putting food on the table &amp; keeping a roof over their head until the virus is under control. This plan does that.,6862,1255,,,,,No
1354192652397408259,SecYellen,Secretary Janet Yellen (Archived),No,2021-01-26T22:21:02+00:00,"@dessadarling @DessaDarling your tune is ‚Äúmoney‚Äù. Thanks for the mood music, I‚Äôll take it from here.",6757,582,,"dessadarling,DessaDarling",,,No
1915860349926228046,FederalReserve,Federal Reserve,No,2025-04-25T20:07:57+00:00,"Now available: The Financial Stability report which presents the Federal Reserve Board‚Äôs current assessment of the stability of the U.S. financial system. Financial stability supports the objectives assigned to the Federal Reserve, including full employment and stable prices, a https://t.co/xxstpsoEAo",126,58,,,,https://t.co/xxstpsoEAo,No
1915787493611282587,FederalReserve,Federal Reserve,No,2025-04-25T15:18:26+00:00,Scammers will call posing as Federal Reserve officials claiming that your bank account has been hacked and will ask for personal information to confirm your identity. Do not provide any personal financial information to the caller. Learn more: https://t.co/0b1Bgmhy3y https://t.co/71rbRCZ3Io,61,29,,,,"https://t.co/0b1Bgmhy3y,https://t.co/71rbRCZ3Io",No
1915756876555317535,FederalReserve,Federal Reserve,No,2025-04-25T13:16:47+00:00,See next week's #calendar of events: https://t.co/hcpT1dsECf,77,23,calendar,,,https://t.co/hcpT1dsECf,No
1915749845014385043,FederalReserve,Federal Reserve,No,2025-04-25T12:48:50+00:00,RT @HellerHurwicz: The 2025 Spring Roundtable was a success! A special thank you to Dr. Adriana Kugler from the Federal Reserve and Dr. Jua‚Ä¶,0,5,,HellerHurwicz,,,Yes
1915519104435224895,FederalReserve,Federal Reserve,No,2025-04-24T21:31:57+00:00,@federalreserve announces the withdrawal of guidance for banks related to their crypto-asset and dollar token activities and related changes to its expectations for these activities: https://t.co/v1MwuswOlE,9587,2457,,federalreserve,,https://t.co/v1MwuswOlE,No
1915504078173380931,FederalReserve,Federal Reserve,No,2025-04-24T20:32:15+00:00,Interactive guide to our weekly #BalanceSheet report: https://t.co/75xiVY33QW #FedData,66,25,"BalanceSheet,FedData",,,https://t.co/75xiVY33QW,No
1915504029368529271,FederalReserve,Federal Reserve,No,2025-04-24T20:32:03+00:00,Our weekly #BalanceSheet update: https://t.co/LjSvhf5K21 #FedData,47,21,"BalanceSheet,FedData",,,https://t.co/LjSvhf5K21,No
1915145105809215793,FederalReserve,Federal Reserve,No,2025-04-23T20:45:49+00:00,"On April 23, 2025, Governor Waller delivered welcoming remarks at a Fed Listens event hosted by @stlouisfed: https://t.co/E37TGJBZKE https://t.co/bMGhjj58bS",69,14,,stlouisfed,,"https://t.co/E37TGJBZKE,https://t.co/bMGhjj58bS",No
1915104058911719914,FederalReserve,Federal Reserve,No,2025-04-23T18:02:43+00:00,"The 12 Reserve Banks represent different geographic regions, or districts, and provide a wealth of information on conditions across the nation. Watch our video about the Beige Book, a collection of reports from Federal Reserve districts that provide a snapshot of the American",16,2,,,,,No
1915103860399497436,FederalReserve,Federal Reserve,No,2025-04-23T18:01:55+00:00,Read about economic conditions in Reserve Bank Districts in the #BeigeBook: https://t.co/e3QNq5jJQZ (1/2) https://t.co/F1ptE42Kvn,63,27,BeigeBook,,,"https://t.co/e3QNq5jJQZ,https://t.co/F1ptE42Kvn",No
1915037634973372447,FederalReserve,Federal Reserve,No,2025-04-23T13:38:46+00:00,Welcoming remarks by Governor Waller at a Fed Listens event hosted by @stlouisfed: https://t.co/E37TGJBZKE Learn more about Governor Waller: https://t.co/x9pLY09hPB,47,14,,stlouisfed,,"https://t.co/E37TGJBZKE,https://t.co/x9pLY09hPB",No
1914801716123365851,FederalReserve,Federal Reserve,No,2025-04-22T22:01:19+00:00,Speech by Governor Kugler on transmission of monetary policy @HellerHurwicz: https://t.co/UFAY4Ih9Uf Learn more about Governor Kugler: https://t.co/JfBF0Qw6Mo,55,21,,HellerHurwicz,,"https://t.co/UFAY4Ih9Uf,https://t.co/JfBF0Qw6Mo",No
1914697435093311601,FederalReserve,Federal Reserve,No,2025-04-22T15:06:56+00:00,"On April 22, 2025, Vice Chair Jefferson delivered remarks on economic mobility and the dual mandate @philadelphiafed: https://t.co/ecuhxFKVZR https://t.co/Ej3hgWJ4SE",54,28,,philadelphiafed,,"https://t.co/ecuhxFKVZR,https://t.co/Ej3hgWJ4SE",No
1914666253391745416,FederalReserve,Federal Reserve,No,2025-04-22T13:03:02+00:00,Learn more about Vice Chair Jefferson: https://t.co/oUzpfyg7jd,9,2,,,,https://t.co/oUzpfyg7jd,No
1914666251453944233,FederalReserve,Federal Reserve,No,2025-04-22T13:03:01+00:00,Speech by Vice Chair Jefferson on economic mobility and the dual mandate @philadelphiafed: https://t.co/ecuhxFKVZR,33,9,,philadelphiafed,,https://t.co/ecuhxFKVZR,No
1913325672266674405,FederalReserve,Federal Reserve,No,2025-04-18T20:16:02+00:00,Now available: Weekly data on the Assets and Liabilities of Commercial Banks in the United States #FedData https://t.co/Q478LdiYLB,42,22,FedData,,,https://t.co/Q478LdiYLB,No
1913308579240534179,FederalReserve,Federal Reserve,No,2025-04-18T19:08:07+00:00,Scammers will call posing as Federal Reserve officials claiming that your bank account has been hacked and will ask for personal information to confirm your identity. Do not provide any personal financial information to the caller. Learn more: https://t.co/0b1Bgmhy3y https://t.co/4VmQv0xhvZ,45,24,,,,"https://t.co/0b1Bgmhy3y,https://t.co/4VmQv0xhvZ",No
1913278991831650556,FederalReserve,Federal Reserve,No,2025-04-18T17:10:33+00:00,"On April 17, 2025, Governor Barr delivered remarks and participated in a discussion on cybersecurity in the banking system at @NewYorkFed: https://t.co/YO0b6eIyq9 https://t.co/cs4JjOF1ad",54,24,,NewYorkFed,,"https://t.co/YO0b6eIyq9,https://t.co/cs4JjOF1ad",No
1913254172759031855,FederalReserve,Federal Reserve,No,2025-04-18T15:31:55+00:00,@federalreserve announces approval of application by Capital One Financial Corporation to merge with Discover Financial Services and issues a consent order with Discover: https://t.co/l4KRvNDKcl,102,43,,federalreserve,,https://t.co/l4KRvNDKcl,No
1913219804082717042,FederalReserve,Federal Reserve,No,2025-04-18T13:15:21+00:00,See next week's #calendar of events: https://t.co/hcpT1dsECf,64,14,calendar,,,https://t.co/hcpT1dsECf,No
1916088788557742186,BillAckman,Bill Ackman,No,2025-04-26T11:15:41+00:00,"Some have suggested that because China takes a very long-term view, China can ‚Äòwin‚Äô a trade war with the U.S. which, according to the conventional view, is a much shorter-term player than China. The problem with this assessment is that the longer the tariffs persist, the more",8233,1464,,,,,No
1885327528455278614,BillAckman,Bill Ackman,No,2025-01-31T14:01:25+00:00,Someone who has piloted a Blackhawk please explain how this is possible.,316627,24248,,,,,No
1812308245194682749,BillAckman,Bill Ackman,No,2024-07-14T02:08:51+00:00,I am going to formally endorse @realDonaldTrump. I came to this decision some time ago as many @X followers have already understood from my supportive posts of Trump and my criticisms of @POTUS Biden. The reason why I have not yet formally done so is that I want to explain my,207585,26183,,"realDonaldTrump,X,POTUS",,,No
1854035430653473080,BillAckman,Bill Ackman,No,2024-11-06T05:37:47+00:00,At least Peanut did not die in vain.,169725,11153,,,,,No
1732179418787783089,BillAckman,Bill Ackman,No,2023-12-05T23:25:30+00:00,"The presidents of @Harvard, @MIT, and @Penn were all asked the following question under oath at today‚Äôs congressional hearing on antisemitism: Does calling for the genocide of Jews violate [your university‚Äôs] code of conduct or rules regarding bullying or harassment? The https://t.co/eVlPCHMcVZ",133368,41578,,"Harvard,MIT,Penn",,https://t.co/eVlPCHMcVZ,No
1854019674385547454,BillAckman,Bill Ackman,No,2024-11-06T04:35:11+00:00,"If the election outcome is as I expected, it should cause the large minority of the country who supported @KamalaHarris and predicted her victory to begin to question their sources of truth. Half the country has believed that @X is filled with mis- and disinformation, and that",130700,28789,,"KamalaHarris,X",,,No
1812475826526400920,BillAckman,Bill Ackman,No,2024-07-14T13:14:45+00:00,"A friend who supports Biden and hates Trump complained to me this morning that I am being narcissistic by sharing my views publicly on the presidential election, and that I should keep my views to myself. I explained to my friend that part of being a good citizen is",129372,12080,,,,,No
1913564074559914319,BillAckman,Bill Ackman,No,2025-04-19T12:03:22+00:00,"A nation in which one administration can allow millions of unvetted illegal migrants into the country, but requires that a court vet each deportation decision in an individually adjudicated case will soon lose the values our democratic system was intended to preserve.",125405,26392,,,,,No
1806515321517621427,BillAckman,Bill Ackman,No,2024-06-28T02:29:50+00:00,I don‚Äôt think Biden has blinked once during the entire debate. His mouth is stuck open. Can a doctor explain what is going on?,89779,4750,,,,,No
1844802469680873747,BillAckman,Bill Ackman,No,2024-10-11T18:09:18+00:00,"A number of my good friends and family have been surprised about my decision to support @realDonaldTrump for president. They have been surprised because my political giving history has been mostly to Democrats, my voting registration has typically been Democrat (in NY, you must",90814,23815,,realDonaldTrump,,,No
1854859617194463535,BillAckman,Bill Ackman,No,2024-11-08T12:12:49+00:00,"It is time to completely rethink immigration policies globally. Living in the West is an incredible privilege. We should treat it as one. Open borders will kill Western civilization. Careful vetting of immigrants, standards for being part of Western society, and deportation for",88588,13853,,,,,No
1875150212714340392,BillAckman,Bill Ackman,No,2025-01-03T12:00:23+00:00,"Do I have this straight? For more than two decades, hundreds of thousands of young British girls have been gang raped by members of principally one ethnic group. Efforts to stop these egregious acts have been curtailed by British government leaders and politicians, the media,",86320,18401,,,,,No
1889663314235404701,BillAckman,Bill Ackman,No,2025-02-12T13:10:17+00:00,"The fact that Democrats are fighting the first real effort to root out waste, fraud, and abuse from our government is a very bad look, from which one can only draw a negative inference. You doth protest too much, methinks.",87115,13371,,,,,No
1806649716706300235,BillAckman,Bill Ackman,No,2024-06-28T11:23:53+00:00,"As much as last night was an indictment of the Democratic Party for misleading party members and the country about the mental acuity and health of the president, the media deserve far more derision and scorn. I and others were repeatedly criticized by the media for questioning",84058,19764,,,,,No
1830215212693062062,BillAckman,Bill Ackman,No,2024-09-01T12:04:45+00:00,"Consider that Hamas chose to execute an American hostage with a bullet to the back of his head during the last two or three days (along with five other hostages) whose parents just spoke at the DNC less than two weeks ago, while hostage negotiations were underway. Consider that",83896,21839,,,,,No
1910031061817647206,BillAckman,Bill Ackman,No,2025-04-09T18:04:26+00:00,"This was brilliantly executed by @realDonaldTrump. Textbook, Art of the Deal.",84932,8474,,realDonaldTrump,,,No
1742441534627184760,BillAckman,Bill Ackman,No,2024-01-03T07:03:29+00:00,"In light of today‚Äôs news, I thought I would try to take a step back and provide perspective on what this is really all about. I first became concerned about @Harvard when 34 Harvard student organizations, early on the morning of October 8th before Israel had taken any military",78764,19118,,Harvard,,,No
1834318456742621502,BillAckman,Bill Ackman,No,2024-09-12T19:49:34+00:00,"If this turns out to be true, this is a serious breach of journalistic ethics and a death blow to @ABCNetwork reputation.",79681,15479,,ABCNetwork,,,No
1883695560970076439,BillAckman,Bill Ackman,No,2025-01-27T01:56:33+00:00,The last seven days are perhaps the best demonstration in our country‚Äôs history that leadership matters.,76874,7842,,,,,No
1898351879215567301,BillAckman,Bill Ackman,No,2025-03-08T12:35:32+00:00,This is a permanent stain on the Democratic Party and its leadership that will echo in eternity.,76441,14701,,,,,No
1587862105600016387,kevinolearytv,Kevin O'Leary aka Mr. Wonderful,No,2022-11-02T17:40:01+00:00,A salary is the drug they give you to forget your dreams.,71612,12261,,,,,No
1823489483318161550,kevinolearytv,Kevin O'Leary aka Mr. Wonderful,No,2024-08-13T22:39:06+00:00,"Elon Musk is like a modern-day Bruce Wayne‚Äîno BS, completely transparent, and knows how to get things done. You might not like his communication style, but you can‚Äôt argue with his results. If we had more leaders like Elon in government, we wouldn‚Äôt be as divided, and this https://t.co/eyIQBBt4V4",57839,10393,,,,https://t.co/eyIQBBt4V4,No
1878500149699150223,kevinolearytv,Kevin O'Leary aka Mr. Wonderful,No,2025-01-12T17:51:51+00:00,"Great day with the #President. A gracious host. And, he shot a 68! My recommendation, try the Trump Burger! @ABDanielleSmith @realDonaldTrump https://t.co/bzKv1bViMF",54470,4364,President,"ABDanielleSmith,realDonaldTrump",,https://t.co/bzKv1bViMF,No
1910479918644748496,kevinolearytv,Kevin O'Leary aka Mr. Wonderful,No,2025-04-10T23:48:02+00:00,"At yesterday‚Äôs Senate hearing, I shared a story that every American entrepreneur already knows too well. You build something great. You invest your own money, blood, sweat, and tears. You prove it in the U.S. market. Then, BOOM ‚Äî one day you wake up and see your product, your https://t.co/yUreRyqVmF",50287,12483,,,,https://t.co/yUreRyqVmF,No
1828214185420796048,kevinolearytv,Kevin O'Leary aka Mr. Wonderful,No,2024-08-26T23:33:23+00:00,"I‚Äôm baffled by this. EVERY president in history has faced the press, good times or bad. No exceptions. Yet here we are, still waiting for Kamala Harris to address the nation directly. If you‚Äôre serious about policy, you have to engage. Swing voters are asking, ‚ÄúWhat‚Äôs the https://t.co/0tWUJTFzsf",35855,8998,,,,https://t.co/0tWUJTFzsf,No
1846908000956473580,kevinolearytv,Kevin O'Leary aka Mr. Wonderful,No,2024-10-17T13:35:55+00:00,"I love the academic study but I‚Äôm doing REAL business in China. I‚Äôm not here to play games or talk theories. I‚Äôve been in the trenches, and I see what‚Äôs happening. Chinese companies are STEALING our IP, making the same products with my molds, and selling them under different https://t.co/XtiOPmZwAK",33665,6692,,,,https://t.co/XtiOPmZwAK,No
1909940039410479163,kevinolearytv,Kevin O'Leary aka Mr. Wonderful,No,2025-04-09T12:02:45+00:00,"104% tariffs on China are not enough. I'm advocating 400%. I do business with China. They don't play by the rules. They've been in the WTO for decades. They have never abided by any of the rules they agreed to when they came in for decades. They cheat, they steal, they steal IP. https://t.co/iotEgmNQrr",32650,7718,,,,https://t.co/iotEgmNQrr,No
1845914223433465987,kevinolearytv,Kevin O'Leary aka Mr. Wonderful,No,2024-10-14T19:47:00+00:00,It‚Äôs a great idea! I would pay to see the movie where they unleash Elon Musk on the federal government in looking for efficiencies. I 100% endorse this. He would do a fantastic job for every single taxpayer. https://t.co/tq4oAHN5yz,29732,6406,,,,https://t.co/tq4oAHN5yz,No
1910410950379003922,kevinolearytv,Kevin O'Leary aka Mr. Wonderful,No,2025-04-10T19:13:58+00:00,"There's billions of market cap right now listed on NASDAQ and NYSE of Chinese companies that I have to compete with. I have to pay for the compliance costs, I have to be transparent, I have to abide by the law, and they don't. They raise money with the same bankers I use and I https://t.co/7ya3iVPYet",28400,7653,,,,https://t.co/7ya3iVPYet,No
1872370621490909613,kevinolearytv,Kevin O'Leary aka Mr. Wonderful,No,2024-12-26T19:55:17+00:00,"There's 41 million Canadians sitting on the world's largest amounts of all resources, including the most important, energy and water. Canadians over the holidays have been talking about this. They want to hear more. What this could be is the beginning of an economic union. Think https://t.co/yp5PuLgxZJ",25771,4447,,,,https://t.co/yp5PuLgxZJ,No
1902483206810824814,kevinolearytv,Kevin O'Leary aka Mr. Wonderful,No,2025-03-19T22:11:57+00:00,"Like most people that are watching both sides of this, I would like to see the law upheld. Arson is a crime and people should go to jail for that. I think they should be persecuted relentlessly for what they're doing because loss of property is one of the laws we support in our https://t.co/lpJZ2Gd4fv",25579,5312,,,,https://t.co/lpJZ2Gd4fv,No
1912227763513115078,kevinolearytv,Kevin O'Leary aka Mr. Wonderful,No,2025-04-15T19:33:20+00:00,"I‚Äôve had enough of the double standard. Chinese companies sue American firms in U.S. courts ‚Äî but we can‚Äôt do the same in China. On top of that, they dodge U.S. accounting rules while raising billions on our stock exchanges. The new SEC boss better start enforcing the law, or https://t.co/SRkVHInD2D",23183,6506,,,,https://t.co/SRkVHInD2D,No
1877769723456413794,kevinolearytv,Kevin O'Leary aka Mr. Wonderful,No,2025-01-10T17:29:24+00:00,"It's tragic what happened here. Gross mismanagement. It is time for change. Gavin Newsom is a terrible manager. He is the Justin Trudeau of California. People should want to make a change and hire somebody else. I think people are so tired of the rhetoric, policy, taxes and the https://t.co/Zmx7skQFLZ",20172,4340,,,,https://t.co/Zmx7skQFLZ,No
1901623302696882468,kevinolearytv,Kevin O'Leary aka Mr. Wonderful,No,2025-03-17T13:15:00+00:00,I love you more than I love money! Happy anniversary @‚Äålindaoleary üòò https://t.co/eEdgo1HGs0,19637,1121,,,,https://t.co/eEdgo1HGs0,No
1354904648080101380,kevinolearytv,Kevin O'Leary aka Mr. Wonderful,No,2021-01-28T21:30:15+00:00,This proves it. Inside of every socialist there is a capitalist screaming to get out! @AOC #Fashionista https://t.co/Tv3csr0jDu,18385,4230,Fashionista,AOC,,https://t.co/Tv3csr0jDu,No
1849642047755448773,kevinolearytv,Kevin O'Leary aka Mr. Wonderful,No,2024-10-25T02:40:03+00:00,Elon Musk is no noise only signal. He would be a profound force if set free to find inefficiencies in government and I would like to see that happen. We don‚Äôt know how much Elon will be engaged but you can‚Äôt deny what he‚Äôs already achieved. I say release the hounds! https://t.co/OKxJLcOUru,19123,2885,,,,https://t.co/OKxJLcOUru,No
1891665689850560900,kevinolearytv,Kevin O'Leary aka Mr. Wonderful,No,2025-02-18T01:47:00+00:00,This is wildly popular because we have a unique situation. You've got Elon Musk with his own international broadcast network. He goes into these agencies and 48 hours later puts out a list of crazy stuff. People see it all through the U.S. and around the world. What‚Äôs happening https://t.co/R2FKHTcvuY,17545,3200,,,,https://t.co/R2FKHTcvuY,No
1558548847093235712,kevinolearytv,Kevin O'Leary aka Mr. Wonderful,No,2022-08-13T20:19:36+00:00,"You have the smartest, brightest men and women from around the world today saying ‚Äúscrew everything else, I want to work on crypto‚Äù.",15923,2519,,,,,No
1593254388881326080,kevinolearytv,Kevin O'Leary aka Mr. Wonderful,No,2022-11-17T14:47:02+00:00,"Trust me, if you don't take the risks, you will ALWAYS lose.",14630,2257,,,,,No
1495450107726024709,kevinolearytv,Kevin O'Leary aka Mr. Wonderful,No,2022-02-20T17:27:44+00:00,"Bitcoin is not just a coin or currency, it‚Äôs a software. Institutions like to criticize me for investing in Bitcoin, but how I see it, if you hold big positions in companies like Microsoft or Yahoo, it‚Äôs all the same.",14505,1855,,,,,No
1610833342538063872,CathieDWood,Cathie Wood,No,2023-01-05T02:59:31+00:00,"Last month, BBC reported that GOSH, a research hospital in the UK, base edited the genome of a 12-year-old girl, Alyssa, suffering from leukemia. She had failed dozens of therapies and had no more options. Seven months later, she is cancer- free. Not many investors know about it.",70259,8622,,,,,No
1518764326303277057,CathieDWood,Cathie Wood,No,2022-04-26T01:30:07+00:00,"Thank you, @elonmusk.",49447,2788,,elonmusk,,,No
1754334952315859111,CathieDWood,Cathie Wood,No,2024-02-05T02:43:41+00:00,"I believe the Delaware court decision, forcing #Tesla to void the March 2018 vote on Elon Musk‚Äôs performance-based pay package, is un-American, an assault on investor rights, and an insult to the Board of Directors of one of the most stunningly successful companies in US history.",32420,4461,Tesla,,,,No
1863742043362824674,CathieDWood,Cathie Wood,No,2024-12-03T00:28:24+00:00,"Based on her @TSLA ruling, DE Judge McCormick is an activist judge at its worst. No judge has the right to determine CEO compensation. Shareholders voted twice, overwhelmingly each time, to ratify @elonmusk‚Äôs 2018 performance-based pay package. She will lose this fight in Supreme",27976,4304,,"TSLA,elonmusk",,,No
1798818756141154473,CathieDWood,Cathie Wood,No,2024-06-06T20:46:26+00:00,"I‚Äôd argue that no other executive is as aligned with shareholders as @elonmusk, who committed to no salary, no bonus, no stock comp FOR 10 YEARS, unless he created tremendous value for @Tesla shareholders.",23643,2651,,"elonmusk,Tesla",,,No
1527118883290742786,CathieDWood,Cathie Wood,No,2022-05-19T02:48:08+00:00,Ridiculous. Not worthy of any other response.,23509,1896,,,,,No
1899180530404413859,CathieDWood,Cathie Wood,No,2025-03-10T19:28:18+00:00,"In our view, the market is discounting the last leg of a rolling recession, which will give the Trump Administration and the Powell Fed many more degrees of freedom than investors expect, setting up the US economy for a deflationary boom in the second half of this year!",22626,3187,,,,,No
1591562714299912192,CathieDWood,Cathie Wood,No,2022-11-12T22:44:55+00:00,"If inflation is unwinding, as we believe, then we could be heading back to the future, the Roaring Twenties, the last time several general purpose technologies evolved at the same time: telephone, electricity, and the internal combustion engine. The setup is remarkably similar!",18192,2528,,,,,No
1452492766936772610,CathieDWood,Cathie Wood,No,2021-10-25T04:30:36+00:00,"In 2008-09, when the Fed started quantitative easing, I thought that inflation would take off. I was wrong. Instead, velocity - the rate at which money turns over per year - declined, taking away its inflationary sting. Velocity still is falling.",17837,2418,,,,,No
1444424136013537290,CathieDWood,Cathie Wood,No,2021-10-02T22:08:44+00:00,"Today, $TSLA announced that in the third quarter it sold 241,300 vehicles globally, up 73% year over year (YoY) and 20% quarter over quarter (QOQ). Meanwhile, $GM blamed the ~33% YoY decline in its US sales on chip shortages. What? #EVs require 3-5x more chips per car produced!",16825,2584,EVs,,"TSLA,GM",,No
1471985515859791881,CathieDWood,Cathie Wood,No,2021-12-17T23:27:49+00:00,"For those who have been unsettled by the volatility of ARK's strategies in recent months, I would like to share this deeper dive into the thoughts we have been sharing regularly. Remember: truth wins out! https://t.co/mBqH0westO",13994,1701,,,,https://t.co/mBqH0westO,No
1863748170427035807,CathieDWood,Cathie Wood,No,2024-12-03T00:52:45+00:00,"Adding judicial insult to injury, Delaware Judge McCormick has ordered #Tesla shareholders to pay the plaintiff‚Äôs lawyers $345 million! The plaintiff owned 9 shares of $TSLA. McCormick is making a mockery of the sense of fairness essential to our American judicial system.",13879,2048,Tesla,,"345,TSLA",,No
1737890686425350576,CathieDWood,Cathie Wood,No,2023-12-21T17:40:02+00:00,"Looking forward to talking with @elonmusk today at 5 pm ET on X Spaces! Can't wait to hear his thoughts on the AI space, bitcoin, and so much more. Join us. https://t.co/LAdIzl7QAa",12368,2276,,elonmusk,,https://t.co/LAdIzl7QAa,No
1360347130636943360,CathieDWood,Cathie Wood,No,2021-02-12T21:56:44+00:00,"I believe that Elon Musk understands this important dynamic. For goodness sake, one of his top priorities is saving the planet.",12135,1589,,,,,No
1855810266664984628,CathieDWood,Cathie Wood,No,2024-11-11T03:10:21+00:00,"Deregulation (defanging the SEC, FTC, and others), government spending cuts (making room for the private sector), tax cuts, and a focus on technologically enabled innovation are likely to turbocharge the US economy more powerfully than during the Reagan Revolution.",11986,2116,,,,,No
1754351091519500697,CathieDWood,Cathie Wood,No,2024-02-05T03:47:49+00:00,"The Delaware plaintiff lawyers did come after us, but brilliant attorney, Jane Kanter, had prepared us, so the big dogs walked away. I have asked my legal team to extract us from Delaware, once was a beacon for entrepreneurs and investors in the US, but now a menace.",10700,1349,,,,,No
1754347416768200794,CathieDWood,Cathie Wood,No,2024-02-05T03:33:13+00:00,"In its ruling against @elonmusk's pay-for-performance compensation package, Delaware seems to question whether it was fair to all shareholders. Given the results five years later, with $TSLA up ~13-fold from the time of the vote to its peak in November 2021 and still up 9-fold",10591,1278,,elonmusk,TSLA,,No
1514781394035097606,CathieDWood,Cathie Wood,No,2022-04-15T01:43:22+00:00,"Twitter‚Äôs product is the global town square. Elon is focused on protecting free speech, transparency, and democracy. Without Starlink, we would have had little sense of Russia‚Äôs brutal invasion of Ukraine, the transparency of which has had magical powers on people at large.",10336,991,,,,,No
1310400552468131842,CathieDWood,Cathie Wood,No,2020-09-28T02:06:52+00:00,"Predictably, when @elonmusk announced at Battery Day last week that $TSLA would cut the price of a Model 3 to $25,000, several financial analysts panicked, downgrading the stock and/or cutting their price targets. In our view, traditional financial analysts have missed the mark.",10066,833,,elonmusk,"TSLA,25",,No
1418190938451623938,CathieDWood,Cathie Wood,No,2021-07-22T12:47:23+00:00,"When we started @ARKInvest I understood the 'power of social media', yet little did I know how profoundly it would impact our business. I'm grateful for the entire ARK team, ecosystem of thought leaders, &amp; all who have supported us. In my view, our journey has just begun!",9497,503,,ARKInvest,,,No
1914679580914339882,jimcramer,Jim Cramer,No,2025-04-22T13:55:59+00:00,It‚Äôs been 12 years since my last book‚Ä¶ and that‚Äôs too long. Excited to share ‚ÄúHow to Make Money in Any Market‚Äù! Hitting bookshelves everywhere on October 14 https://t.co/ZVzwqDhDdt,626,55,,,,https://t.co/ZVzwqDhDdt,No
1381590574512373765,jimcramer,Jim Cramer,No,2021-04-12T12:50:36+00:00,pay me in bitcoin!!,27107,3676,,,,,No
1773469894303998097,jimcramer,Jim Cramer,No,2024-03-28T21:59:06+00:00,Celebrating my daughter beating cancer with an extra-special Lightning Round https://t.co/7Pv0SDPMgC,27672,603,,,,https://t.co/7Pv0SDPMgC,No
1593731870415818753,jimcramer,Jim Cramer,No,2022-11-18T22:24:22+00:00,I am not as worried as others that Twitter will suddenly not work... Call me bullish on @elonmusk and his desire to make this better,18514,858,,elonmusk,,,No
1863946048974012854,jimcramer,Jim Cramer,No,2024-12-03T13:59:03+00:00,Boy does that Delaware judge hate Musk.. holy cow!!,16784,572,,,,,No
1305277618116349953,jimcramer,Jim Cramer,No,2020-09-13T22:50:09+00:00,Very sad day today. We had to put Everest down after 14 great years. He was such a good boy and he protected Lisa with a level of ferocity that was precious while he loved just fooling around with me. RIP Ev who would always answer to the name Nvidia if you had a treat.Our pal https://t.co/aR0Lzil3VD,15727,182,,,,https://t.co/aR0Lzil3VD,No
1820400695339573627,jimcramer,Jim Cramer,No,2024-08-05T10:05:21+00:00,Remember this: gold held up a lot better than crypto...,15104,1050,,,,,No
1470679134686826503,jimcramer,Jim Cramer,No,2021-12-14T08:56:44+00:00,no I didn‚Äôt get to talk to him; he was dazzling and funny and incredibly insightful. great job ‚Å¶@TIME‚Å© https://t.co/uy8OrhVVQr,11630,404,,TIME,,https://t.co/uy8OrhVVQr,No
1494278131183673344,jimcramer,Jim Cramer,No,2022-02-17T11:50:43+00:00,"@elonmusk I often wonder, Elon, how you could persevere in the face of this level of negativity from people. I was skeptical until i drove one",11473,530,,elonmusk,,,No
1250933350426128389,jimcramer,Jim Cramer,No,2020-04-16T23:45:26+00:00,It's really incredible how sad Twitter can be. A credible hospital a credible reporter and a credible former FDA Commish are hopeful about Gilead's drug but almost every armchair doctor here is negative? Goodnight...,9782,1287,,,,,No
1878745488104812897,jimcramer,Jim Cramer,No,2025-01-13T10:06:44+00:00,Truly a hideous opening. Just a total washout coming,10685,1043,,,,,No
1882434666415976827,jimcramer,Jim Cramer,No,2025-01-23T14:26:13+00:00,"Nothing can stop Palantir, nothing",10195,533,,,,,No
1867239691453333901,jimcramer,Jim Cramer,No,2024-12-12T16:06:48+00:00,A historic day on the floor of the @NYSE! @realDonaldTrump https://t.co/RWBAeVSaYn,10023,576,,"NYSE,realDonaldTrump",,https://t.co/RWBAeVSaYn,No
1241001047319068676,jimcramer,Jim Cramer,No,2020-03-20T13:58:01+00:00,"SENATORS why the hell do you even own stocks. shameless. just shameless. I will worry about your portfolio, you worry about the country...",9109,1426,,,,,No
1272844092238712832,jimcramer,Jim Cramer,No,2020-06-16T10:50:54+00:00,the simple truth is that i would have retired years ago and gone to make the kind of money i used to make but i thought this was a more worthwhile calling. I make a ton of mistakes but at least i can try to teach people what i have learned from my mistakes.,9375,287,,,,,No
1331246721637167108,jimcramer,Jim Cramer,No,2020-11-24T14:42:06+00:00,it is not too late for Bitcoin.. great alternative to gold... which i have always believed in,9032,1174,,,,,No
1898868612254835174,jimcramer,Jim Cramer,No,2025-03-09T22:48:51+00:00,Years ago i sat next to Mark Carney at a White House Correspondents dinner and I had no idea who he was. After talking to him for awhile not only did i think he was brilliant but he knew more about the markets than anyone I had ever met. Yet all he wanted to talk about was being,9519,1222,,,,,No
1749461424592544117,jimcramer,Jim Cramer,No,2024-01-22T15:58:01+00:00,Unlikely that Bitcoin finds its footing,8636,1202,,,,,No
1355171604255420418,jimcramer,Jim Cramer,No,2021-01-29T15:11:02+00:00,"First, I am fine. I had a pinched nerve and needed surgery to relieve the pain. Second, if you think that's going to stop me from trying to help the regular guy from making money, you don't know me. Third Game Stop is a valuable company that is worth something....",8773,473,,,,,No
1544672121074376705,jimcramer,Jim Cramer,No,2022-07-06T13:18:26+00:00,time for crypto!!,7953,874,,,,,No
1867051513937277128,mcuban,Mark Cuban,No,2024-12-12T03:39:03+00:00,"Just an FYI, generic drugs are usually far cheaper at @costplusdrugs than they are in Canada, UK and elsewhere around the world. We get emails all the time asking us when we will start selling at those and other countries",11336,1531,,costplusdrugs,,,No
1854046994345382034,mcuban,Mark Cuban,No,2024-11-06T06:23:44+00:00,Congrats @realDonaldTrump. You won fair and square. Congrats to @elonmusk as well. #Godspeed,444527,21420,Godspeed,"realDonaldTrump,elonmusk",,,No
1538239670131298305,mcuban,Mark Cuban,No,2022-06-18T19:18:11+00:00,"Please tell others that take these. We expect to add more than 1k more meds over the next 12 months, if not sooner.",318065,82963,,,,,No
1314620092680937473,mcuban,Mark Cuban,No,2020-10-09T17:33:49+00:00,"Ladies &amp; Gentlemen, I present to you, Delonte West . A long, long , long way to go, but he has taken the first steps and shared these with all of us as a thank you for the love and support. https://t.co/555twAEVDP",256783,31762,,,,https://t.co/555twAEVDP,No
1285219673240481803,mcuban,Mark Cuban,No,2020-07-20T14:27:02+00:00,Have some balls for once @tedcruz. Speak to me. It's my tweet.,224239,28200,,tedcruz,,,No
1221827273130680321,mcuban,Mark Cuban,No,2020-01-27T16:08:17+00:00,I hope we all remember that Kobe and Gianna have brought our country closer together than anyone has in a generation. Their memory truly is a blessing that we should build on.,214442,23543,,,,,No
1538353175836729348,mcuban,Mark Cuban,No,2022-06-19T02:49:12+00:00,Please help us spread the word. We WONT SPEND A NICKEL ON MARKETING. WE COMPLETELY RELY ON WORD OF MOUTH This allows us to price at such low prices. So all help is welcome from everyone and anyone !,205932,79598,,,,,No
1779573824318521840,mcuban,Mark Cuban,No,2024-04-14T18:13:57+00:00,"I pay what I owe. Tomorrow I will wire transfer to the IRS $288,000,000.00 This country has done so much for me, I‚Äôm proud to pay my taxes every single year. Tag a former president that you know doesn‚Äôt",161857,16986,,,288,,No
1670483371393421312,mcuban,Mark Cuban,No,2023-06-18T17:27:26+00:00,Way to talk in generalities Joe. Not saying there aren't a lot of fucked up things about pharma. That's why we created https://t.co/jYSNkP7amr. But to ignore that the same industry has saved who knows how many lives is bullshit and you know it. It's also disrespectful to all,150097,19173,,,,https://t.co/jYSNkP7amr.,No
1839020214845059562,mcuban,Mark Cuban,No,2024-09-25T19:12:41+00:00,If I can do it. You can do it üòÅ,163238,5659,,,,,No
1221522246226845697,mcuban,Mark Cuban,No,2020-01-26T19:56:12+00:00,We can never forget how precious life is. How those who are special to you and never let them forget how deeply you love them,156079,34244,,,,,No
1823840661516230958,mcuban,Mark Cuban,No,2024-08-14T21:54:33+00:00,ü´∂ü´∂ü´∂,153819,4214,,,,,No
1347613767044124677,mcuban,Mark Cuban,No,2021-01-08T18:38:54+00:00,"Josh, let me explain Capitalism to you. Sometimes people decide not to do business with you. It's their decision. You know the whole ""No Shoes, No Shirt, No Service"" thing ? In your case it happens to be ""No Principles, No Honesty, No Book"" thing. Feel free to Self-Publish",135266,20248,,,,,No
1354613692239925249,mcuban,Mark Cuban,No,2021-01-28T02:14:06+00:00,"I got to say I LOVE LOVE what is going on with #wallstreetbets. All of those years of High Frequency Traders front running retail traders,now speed and density of information and retail trading is giving the little guy an edge. Even my 11 yr old traded w them and made $",137923,17630,wallstreetbets,,,,No
1285255263650492416,mcuban,Mark Cuban,No,2020-07-20T16:48:28+00:00,I can say Black Lives Matter. I can say there is systemic racism in this country. I can say there is a Pandemic that you have done little to end. I can say I care about this country first and last and..,113327,15441,,,,,No
1285255265894518784,mcuban,Mark Cuban,No,2020-07-20T16:48:28+00:00,"Why is it, @tedcruz, that you take such pride in standing up to and speaking truth to the Chinese, but you have no ability to stand up to and speak the truth to @realdonaldtrump ?",112362,15138,,"tedcruz,realdonaldtrump",,,No
1285303879765233665,mcuban,Mark Cuban,No,2020-07-20T20:01:39+00:00,For those of you that want to boycott me. https://t.co/9DZnhN4TT5 is the best URL for a list,112347,7794,,,,https://t.co/9DZnhN4TT5,No
1873492526159802454,mcuban,Mark Cuban,No,2024-12-29T22:13:20+00:00,You first,121796,8630,,,,,No
1526281168928350210,mcuban,Mark Cuban,No,2022-05-16T19:19:22+00:00,"""It‚Äôs a shit show, put you front row "" #MFFL https://t.co/ktk0yFkDpg",115120,15828,MFFL,,,https://t.co/ktk0yFkDpg,No
1245730270587826176,mcuban,Mark Cuban,No,2020-04-02T15:10:15+00:00,"A leader doesn‚Äôt doesn‚Äôt look to criticize, a leader accepts criticism and learns. A leader doesn‚Äôt look for praise, a leader offers praise. A leader doesn‚Äôt ask for trust, a leader earns your trust. We all have those who need us to love them and lead them. Be a leader",109817,23192,,,,,No
1594121977001873408,theRealKiyosaki,Robert Kiyosaki,No,2022-11-20T00:14:31+00:00,"I love Elon Musk. When his employees refused to come to work he told them to look for new jobs. When one of his woke employees criticized Elon publically, Elon fired him publicly. Now these losers have have find jobs that pay 250k to 300k that offer free lunch. Thank you Elon.",232636,18600,,,,,No
1599034903789961218,theRealKiyosaki,Robert Kiyosaki,No,2022-12-03T13:36:44+00:00,Why Silicon Valley‚Äôs WOKE fear MUSK: Musk is an entrepreneur. He does not need a job or money. He beat BIG BANKS with PAYPAL. He beat DETROIT with TESLA. He beat NASA with SPACEX. And he will beat COMMUNIST censorship with TWITTER. Thank you and GOD bless ELON MUSK.,159701,23544,,,,,No
1589111785327833088,theRealKiyosaki,Robert Kiyosaki,No,2022-11-06T04:25:48+00:00,Elon Musk‚Äôs take over of Twitter must be working. Not long ago my last Tweet would have been censored. Thank you Elon and the new Twitter. Freedom of speech is freedom worth fighting for.,85801,7381,,,,,No
1844563614990234036,theRealKiyosaki,Robert Kiyosaki,No,2024-10-11T02:20:10+00:00,BARAK OBAMA: ‚ÄúBlack men going over to Trump is not acceptable.‚Äù AND (Black men have) ‚ÄúNo excuse not to vote for Kamala.‚Äù ISN‚ÄôT THAT RACISM? Personally‚Ä¶I would never vote for anyone due to RACE or GENDER or POLITICAL PARTY. I vote for the person I believe is best,64542,9408,,,,,No
1516133055806656512,theRealKiyosaki,Robert Kiyosaki,No,2022-04-18T19:14:23+00:00,I LOVE ELON MUSK. He turned on the lights and now the rats and rodents running Twitter are running for cover.,53253,6125,,,,,No
1516550902382948352,theRealKiyosaki,Robert Kiyosaki,No,2022-04-19T22:54:45+00:00,"ELON MUSK is a Capitalist. He is buying Twitter to set our FREEDOM of SPEECH free from the rats, rodents, and reptiles hiding in Twitters WOKE Corporate Culture. I love capitalism. I love freedom. I love Elon.",51182,6550,,,,,No
1621566820984700928,theRealKiyosaki,Robert Kiyosaki,No,2023-02-03T17:50:32+00:00,China floats spy balloon over US and we don‚Äôt shoot it down. China buys thousands of acres of farmland next to our air bases. China sends thousands of students to our schools. China uses Tik Toc to hypnotize and gather data. Why? Isn‚Äôt it time we fight back?,51061,9843,,,,,No
1591695470644334592,theRealKiyosaki,Robert Kiyosaki,No,2022-11-13T07:32:27+00:00,"STALIN said: ‚ÄúIt‚Äôs not who votes that counts. It is who counts the votes that counts.‚Äù America is dying. Our votes no longer count. Speak out. Fight back. Demand recounts now, not next election. Democracy is at stake and worth fighting for. Don‚Äôt let Communists steal our freedom",48863,11015,,,,,No
1589106388617539584,theRealKiyosaki,Robert Kiyosaki,No,2022-11-06T04:04:21+00:00,LIBERALS made Elon Musk a rich man buying Teslas. Elon now cleaning house at Twitter with Liberals money. There must be a GOD. Thank you liberals and Elon. Best of luck to Twitter employees losing their jobs. That‚Äôs capitalism vs communism. Freedom of speech is being restored.,47850,5700,,,,,No
1624988584267894784,theRealKiyosaki,Robert Kiyosaki,No,2023-02-13T04:27:23+00:00,"Giant crash coming. Depression possible. Fed forced to print billions in fake money. By 2025 gold at $5,000 silver at $500 and Bitcoin at $500,000. Why? Because faith in US dollar, fake money, will be destroyed. Gold &amp; Silver Gods money. Bitcoin people‚Äôs $. Take care.",46210,8849,,,"5,500,500",,No
1524811335829098497,theRealKiyosaki,Robert Kiyosaki,No,2022-05-12T17:58:46+00:00,BITCOIN CRASHING. Great news. As stated in previous Tweets I am waiting for Bitcoin to crash to 20k. Will then wait for test of bottom which might be $17k. Once I know bottom is in I back up the truck. Crashes are best times to get rich. Take care.,42387,5659,,,17k,,No
1886229369787720193,theRealKiyosaki,Robert Kiyosaki,No,2025-02-03T01:45:00+00:00,"BRUTAL CRASH HERE NOW. The stock, bond, real estate, gold, silver, and Bitcoin markets are crashing. The best assets in the world are going on sale. Millions will lose their jobs. This is the best time to get rich. Don‚Äôt be a loser. Stay cool. Take care.",41983,5092,,,,,No
1449087804290453507,theRealKiyosaki,Robert Kiyosaki,No,2021-10-15T19:00:29+00:00,"I love Bitcoin because I do not trust Fed, Treasury, or Wall Street.",35319,4711,,,,,No
1796925061397463076,theRealKiyosaki,Robert Kiyosaki,No,2024-06-01T15:21:34+00:00,"I have been silent about President Trump‚Äôs conviction because I am at a loss for words. I really do not know what to say; or how to describe how I feel; or what Trumps conviction means to the world and world history. In overly simple and pathetically weak terms, Trumps conviction",36591,7198,,,,,No
1759336403715101181,theRealKiyosaki,Robert Kiyosaki,No,2024-02-18T21:57:40+00:00,BITCOIN to $100k by June 2024.,31746,4800,,,100k,,No
1591053386392408064,theRealKiyosaki,Robert Kiyosaki,No,2022-11-11T13:01:02+00:00,"BITCOIN? WORRIED? No. I am a Bitcoin investor as I am an investor in physical gold, silver, &amp; real estate. I am NOT A TRADER or flipper. When BITCOIN hits new bottom, $10 to $12 k? I will get EXCITED, not worried. I bet against the Fed,Treasury, Biden, &amp; bet on G,S, &amp; Bitcoin.",31739,4279,,,"10,12",,No
1874826837140140365,theRealKiyosaki,Robert Kiyosaki,No,2025-01-02T14:35:25+00:00,"MY PRICE PREDICTION for BITCOIN 2025: $175,000 to $350,000 Happy New Year",31664,3189,,,"175,350",,No
1786227254168629296,theRealKiyosaki,Robert Kiyosaki,No,2024-05-03T02:52:18+00:00,BAD NEWS: CRASH has BEGUN. It will be a bad one. GOOD NEWS: CRASHES are the best time to get rich. Bargains will float to the surface. RULES to REMEMBER in a CRASH: 1: DON‚ÄôT CATCH FALLING KNIVES: Just because prices are falling DO NOT get GREEDY. Wait til prices have,29909,6251,,,,,No
1864501808409768112,theRealKiyosaki,Robert Kiyosaki,No,2024-12-05T02:47:26+00:00,Yay : BITCOIN breaks $100.000 Congratulations everyone,30109,2308,,,100,,No
1859058685403881798,theRealKiyosaki,Robert Kiyosaki,No,2024-11-20T02:18:24+00:00,"$13 million Bitcoin:‚Ä¶.according to Michael Saylor. I believe he is right. He is one smart boy. Bitcoin today is $90,000. If Saylor is on target‚Ä¶.which I think he is‚Ä¶. that means for $9,000 today‚Ä¶.you buy .01 Bitcoin today‚Ä¶you are a millionaire tomorrow. Sure beats",28384,3119,,,"13,90,9",,No
1904260018645475506,RayDalio,Ray Dalio,No,2025-03-24T19:52:22+00:00,"How Countries Go Broke: The Big Cycle As you probably know by now, I'm in a stage of life that has led me to want to pass along previously undisclosed principles that helped me, rather than to keep them to myself. Over my more than 50 years of operating as a global macro https://t.co/IlE2f9VlTi",2986,366,,,,https://t.co/IlE2f9VlTi,No
1909296189473693729,RayDalio,Ray Dalio,No,2025-04-07T17:24:19+00:00,https://t.co/Xpdl8fYoBg,47928,9014,,,,https://t.co/Xpdl8fYoBg,No
1340110013122134019,RayDalio,Ray Dalio,No,2020-12-19T01:41:39+00:00,It is with great pain that I am sharing with you that my 42 year old son was killed in a car crash yesterday. My family and I are mourning and processing and would prefer to be incommunicado for the time being.,34231,921,,,,,No
1907489922359132627,RayDalio,Ray Dalio,No,2025-04-02T17:46:51+00:00,https://t.co/3axXP2mPHg,23448,4322,,,,https://t.co/3axXP2mPHg,No
1192481363301142528,RayDalio,Ray Dalio,No,2019-11-07T16:38:06+00:00,"In my opinion, Indian‚Äôs Prime Minister Modi is one of the best, if not the best, leaders in the world. I had an opportunity to explore with him how he thinks as well as what he thinks. If you‚Äôre interested in listening to it, here it is: https://t.co/upiMLOgKCA",14468,5099,,,,https://t.co/upiMLOgKCA,No
1516472012398604290,RayDalio,Ray Dalio,No,2022-04-19T17:41:17+00:00,"History shows us that when great empires fall, they generally fall for similar reasons. (1/3) https://t.co/aJ2TdAJJDM",13451,3206,,,,https://t.co/aJ2TdAJJDM,No
1894775037313327219,RayDalio,Ray Dalio,No,2025-02-26T15:42:26+00:00,"Thanks for the correction, @elonmusk. It‚Äôs great that we can have a good exchange about such economic things. When I said Chinese manufacturing production is greater than that of the US, Europe, and Japan, I meant to say that it is greater than the US, Germany, and Japan",13790,1469,,elonmusk,,,No
1577311060092125184,RayDalio,Ray Dalio,No,2022-10-04T14:53:56+00:00,"Today is a very special day for me and Bridgewater Associates because I transitioned my control of Bridgewater to the next generation and I feel great about the people and ""machine"" now in control. This transition moment is the culmination of a 47-year journey (1/11)",12439,1226,,,,,No
1861143344119980145,RayDalio,Ray Dalio,No,2024-11-25T20:22:06+00:00,https://t.co/6Heun8yNpq,12585,1871,,,,https://t.co/6Heun8yNpq,No
1671881544221487109,RayDalio,Ray Dalio,No,2023-06-22T14:03:16+00:00,"I am pleased to be able to help PM Modi as he is a man whose time has come when India‚Äôs time has also come. He and India are in an analogous position to Deng Xiaoping and China in the early 1980s--i.e., at the brink of the fastest growth rates and biggest transformations in the",11702,1698,,,,,No
1908516864759935417,RayDalio,Ray Dalio,No,2025-04-05T13:47:33+00:00,"In order to understand the full picture of how the world order is changing, I would urge you to watch this five-minute clip, or the complete 40-minute animated video called ""Principles for Dealing with Changing World Order."" And if you want an even more complete explanation, you https://t.co/A5n9W7Alrv",11328,2694,,,,https://t.co/A5n9W7Alrv,No
1694709249044255006,RayDalio,Ray Dalio,No,2023-08-24T13:52:25+00:00,"India's successful lunar mission (landing its Chandrayaan-3 spacecraft on the moon) is another one of many straws in the wind showing its ascendence. As previously shown in my health index for countries, which is used to derive my projections for countries' next 10-year growth",10058,2123,,,,,No
1355138509020004356,RayDalio,Ray Dalio,No,2021-01-29T12:59:32+00:00,I am writing this to clarify what I think of Bitcoin. https://t.co/l1NHOlRgoM,9025,1992,,,,https://t.co/l1NHOlRgoM,No
1537467582197944322,RayDalio,Ray Dalio,No,2022-06-16T16:10:11+00:00,"In 1971 when I was a young clerk on the floor of the New York Stock Exchange, the United States ran out of money and defaulted on its debts. That's right, the US ran out of money. (1/6) https://t.co/2nTUFAgCfl",8510,2293,,,,https://t.co/2nTUFAgCfl,No
1340110013956808705,RayDalio,Ray Dalio,No,2020-12-19T01:41:40+00:00,"We know that the terrible pain we are feeling has been and continues to be felt by so many others so our sympathies go out to them. May God be with you and may you cherish your blessings, especially at this time of year.",8202,140,,,,,No
1500950782421704706,RayDalio,Ray Dalio,No,2022-03-07T21:45:27+00:00,"For reasons explained at length in my book &amp; briefly in this new animated video, the world order is changing in ways that haven't happened in our lifetime before but have happened many times in history and I want to I convey that picture to you. https://t.co/F6A6ny813i (1/3)",7412,2027,,,,https://t.co/F6A6ny813i,No
993844720588685315,RayDalio,Ray Dalio,No,2018-05-08T13:27:00+00:00,"As we come into graduation season, I‚Äôve distilled my 600-page book into a 30-minute ultra mini-adventure series called ‚ÄúPrinciples for Success‚Äù to make it easy for people to get the key ideas. If you're interested you can watch them here: https://t.co/RaoEw2jvar https://t.co/vZaAmr6n0p",7161,2013,,,,"https://t.co/RaoEw2jvar,https://t.co/vZaAmr6n0p",No
1909296359955460347,RayDalio,Ray Dalio,No,2025-04-07T17:24:59+00:00,"At the moment, a huge amount of attention is rightly being paid to the newly announced tariffs and their significant impacts on markets and economies. But very little attention is being paid to the circumstances that caused them‚Äîand to the even bigger disruptions likely still",7339,1627,,,,,No
1577034531286024192,RayDalio,Ray Dalio,No,2022-10-03T20:35:06+00:00,"As John Maynard Keynes is credited with saying: ‚ÄúWhen the facts change, I change my mind. What do you do, sir?‚Äù Along these lines, the facts have changed and I‚Äôve changed my mind about cash as an asset: I no longer think cash is trash. (1/2)",6592,898,,,,,No
1248709478712737804,RayDalio,Ray Dalio,No,2020-04-10T20:28:34+00:00,"What‚Äôs now happening with money and credit has never happened in our lifetime before, but has happened many times before that. I want to give you that historical perspective. It‚Äôs coming in the next edition in my series ‚ÄúThe Changing World Order‚Äù.",5910,809,,,,,No
1915856088873763274,BlackRock,BlackRock,No,2025-04-25T19:51:01+00:00,"In his 2025 Annual Chairman‚Äôs Letter to Investors, Larry Fink discusses how BlackRock is unlocking private markets and democratizing investing, expanding prosperity for more people in more places. https://t.co/1d9MpCdIW8 https://t.co/CGJj0ytLCb",117,43,,,,"https://t.co/1d9MpCdIW8,https://t.co/CGJj0ytLCb",No
1915796742970155186,BlackRock,BlackRock,No,2025-04-25T15:55:11+00:00,"Q2 opened with dramatic volatility that is unlikely to disappear anytime soon. U.S. policy and #AI capex questions are ongoing concerns. A dynamic market calls for a dynamic approach to take advantage of opportunities that may arise from #volatility and shifts across sectors, https://t.co/6T6Do2NHwo",80,20,"AI,volatility",,,https://t.co/6T6Do2NHwo,No
1915761191143489609,BlackRock,BlackRock,No,2025-04-25T13:33:55+00:00,"When the traditional economic playbook no longer applies, how should investors respond? Rich Mathieson, senior portfolio manager on BlackRock‚Äôs Systematic Active Equities team, joins The Bid #podcast to explain how data and historical insights can guide investment strategies https://t.co/XST3ofNkZK",74,24,podcast,,,https://t.co/XST3ofNkZK,No
1915446573854507353,BlackRock,BlackRock,No,2025-04-24T16:43:45+00:00,U.S. tariffs announcements and uncertainty about the trajectory of trade policy has driven waves of volatility in global markets. #QuestionOfTheWeek: How long will elevated uncertainty and volatility last? üëá,55,16,QuestionOfTheWeek,,,,No
1915151829828088100,BlackRock,BlackRock,No,2025-04-23T21:12:32+00:00,"We‚Äôre tracking the economic rules that will shape policy and focusing on investment themes ‚Äì like #AI ‚Äì that are driving returns. Watch Glenn Purves, Global Head of Macro at the BlackRock Investment Institute, share more in this week‚Äôs #MarketTake üëâ https://t.co/Bqvm8EYc7v https://t.co/z8xTXSGrTB",69,21,"AI,MarketTake",,,"https://t.co/Bqvm8EYc7v,https://t.co/z8xTXSGrTB",No
1915092099239756267,BlackRock,BlackRock,No,2025-04-23T17:15:11+00:00,"Global markets are facing continued heightened volatility due to tariffs. On this week‚Äôs episode of The Bid #podcast, BlackRock‚Äôs Rich Mathieson joins host Oscar Pulido to explore how past periods of uncertainty have reshaped investment strategy‚Äîand how data-driven approaches can https://t.co/hz2qh1rMd8",63,22,podcast,,,https://t.co/hz2qh1rMd8,No
1915057623226872091,BlackRock,BlackRock,No,2025-04-23T14:58:12+00:00,"Bond ETFs experienced a record-breaking start to 2025. With yields at 20-year highs, investors are turning to ETFs as a modern way to access fixed income, driving record demand and innovation. Fixed income ETF assets (or AUM) saw 20% organic growth last year, and through Q1 2025, https://t.co/ES1xfyEWUh",56,21,,,,https://t.co/ES1xfyEWUh,No
1914769190751265067,BlackRock,BlackRock,No,2025-04-22T19:52:04+00:00,"What is included in a target date fund? For more on how BlackRock is reducing barriers to investing, visit: https://t.co/MRPOms4rSb https://t.co/2TsczGkG4d",60,22,,,,"https://t.co/MRPOms4rSb,https://t.co/2TsczGkG4d",No
1914734428800118833,BlackRock,BlackRock,No,2025-04-22T17:33:56+00:00,"Mega forces, like geopolitical fragmentation, are transforming the world. U.S. trade policy is adding to this transformation. We navigate near-term uncertainty by tracking economic rules that will shape policy. Read more üëâ https://t.co/7PcKV2NfgW https://t.co/zdcxWLJu5N",72,27,,,,"https://t.co/7PcKV2NfgW,https://t.co/zdcxWLJu5N",No
1914402341786108289,BlackRock,BlackRock,No,2025-04-21T19:34:20+00:00,"More than half the money BlackRock manages is retirement money. It‚Äôs our core business. For most people, retirement accounts are their first‚Äîand often their only‚Äîexperience with investing. So, if we really want to democratize investing, retirement is where the conversation has to https://t.co/xlnaI18mrl",152,41,,,,https://t.co/xlnaI18mrl,No
1912897293637779702,BlackRock,BlackRock,No,2025-04-17T15:53:49+00:00,"For #QuestionOfTheWeek, we also asked BlackRock portfolio managers what they see driving market returns over the next year. https://t.co/IpXAAAj8CN",48,29,QuestionOfTheWeek,,,https://t.co/IpXAAAj8CN,No
1912546595461046755,BlackRock,BlackRock,No,2025-04-16T16:40:16+00:00,"The U.S. has put a 90-day pause on most country-specific tariffs and exempted key tech imports. Wei Li, BlackRock‚Äôs Global Chief Investment Strategist, explains what this means for investing over a 6-12 month horizon in this week‚Äôs #MarketTakeüëâ https://t.co/b0rwI8YK66 https://t.co/XQizla9Au3",103,26,MarketTake,,,"https://t.co/b0rwI8YK66,https://t.co/XQizla9Au3",No
1912205514609459299,BlackRock,BlackRock,No,2025-04-15T18:04:56+00:00,"This week on The Bid #podcast, we delve deeper into the impact of recent tariff policies on global markets. Join host Oscar Pulido as he sits down with BlackRock's Alex Brazier and Helen Jewell to unpack the equity markets rebound, why bond yields are rising and what investors https://t.co/1fFuL1uvSx",70,24,podcast,,,https://t.co/1fFuL1uvSx,No
1912171715955671489,BlackRock,BlackRock,No,2025-04-15T15:50:38+00:00,The 90-day pause on U.S. tariffs on most countries and exemption of key tech imports suggest the U.S. administration is taking some account of financial risks and costs. See how we‚Äôre evolving our views as a result. https://t.co/TrUbVfgndx https://t.co/7OMHyAST3C,84,32,,,,"https://t.co/TrUbVfgndx,https://t.co/7OMHyAST3C",No
1910824160902754353,BlackRock,BlackRock,No,2025-04-11T22:35:56+00:00,The U.S. has paused newly announced tariffs for most countries for 90 days. What does that mean for markets? Read our take in this special bulletin üëâ https://t.co/eYlcEvd78r https://t.co/0z2ApVsM6T,125,45,,,,"https://t.co/eYlcEvd78r,https://t.co/0z2ApVsM6T",No
1910718893280108861,BlackRock,BlackRock,No,2025-04-11T15:37:38+00:00,"Our nearly 23,000 employees work across over 30 countries to serve clients in more than 100. Today, we‚Äôre better prepared than ever to advise and deliver on each of our clients‚Äô unique tactical and strategic objectives. Read our 1Q25 earnings results: https://t.co/ZKXUN6BBEX https://t.co/9H5I1aZZul",123,42,,,,"https://t.co/ZKXUN6BBEX,https://t.co/9H5I1aZZul",No
1910673638933553210,BlackRock,BlackRock,No,2025-04-11T12:37:48+00:00,BlackRock‚Äôs positioning and connectivity with clients are stronger than ever. https://t.co/grkfvt2PTe https://t.co/iDaJL4karQ,81,34,,,,"https://t.co/grkfvt2PTe,https://t.co/iDaJL4karQ",No
1910650338077515914,BlackRock,BlackRock,No,2025-04-11T11:05:13+00:00,"Tune in to BlackRock‚Äôs first quarter earnings conference call, starting soon. Access the webcast here: https://t.co/IkOaZi8gNy",75,19,,,,https://t.co/IkOaZi8gNy,No
1910649109062574559,BlackRock,BlackRock,No,2025-04-11T11:00:20+00:00,"Today, BlackRock reported first quarter earnings. We‚Äôve intentionally shaped our platform to serve clients in all market environments, building a premier global public-private markets investment and technology firm. https://t.co/lSIibQM6RZ https://t.co/AZQNJ8KElj",113,30,,,,"https://t.co/lSIibQM6RZ,https://t.co/AZQNJ8KElj",No
1910634716010594449,BlackRock,BlackRock,No,2025-04-11T10:03:08+00:00,BlackRock reports first quarter earnings results. https://t.co/lOvlffTerp https://t.co/EC7B9YrpdU,214,48,,,,"https://t.co/lOvlffTerp,https://t.co/EC7B9YrpdU",No
1838818610917376373,woonomic,Willy Woo,No,2024-09-25T05:51:35+00:00,#Bitcoin‚Äôs long term price target is 5 cents per sat in today‚Äôs value. Stack sats. Don‚Äôt even look at the price or the path it weaves to get there. It‚Äôll only distract you. Stay humble.,5715,2182,Bitcoin,,,,No
1356310219215699968,woonomic,Willy Woo,No,2021-02-01T18:35:29+00:00,"In terms of adoption, Bitcoin has roughly the same users as the Internet had in 1997. But Bitcoin's growing faster. Next 4 years on current path will bring Bitcoin users to 1b people, that's the equivalent of 2005 for the Internet. https://t.co/Np9yTR3WkL",19841,6613,,,,https://t.co/Np9yTR3WkL,No
1409507878365499395,woonomic,Willy Woo,No,2021-06-28T13:44:00+00:00,"This month's shout out goes to China, for selflessly helping #bitcoin remove the last area of major centralisation in its network at her own loss, and the loss of her children and her children's children. üôè",11352,1338,bitcoin,,,,No
1463137799184338944,woonomic,Willy Woo,No,2021-11-23T13:30:09+00:00,"Next 3 years, shitting on BTC will be political suicide.",10590,925,,,,,No
1392699232759414787,woonomic,Willy Woo,No,2021-05-13T04:32:26+00:00,"Elon asks the community whether DOGE (a proof of work coin, secured by energy) should be accepted by Tesla, and in the very next tweet announces Tesla is no longer accepting BTC due to energy reasons. Tell us what's really going on @elonmusk. https://t.co/FW4XNkr1yL",10476,1390,,elonmusk,,https://t.co/FW4XNkr1yL,No
1438873878521016328,woonomic,Willy Woo,No,2021-09-17T14:34:00+00:00,Banning #Bitcoin would require banning the Internet and computers. Good luck with that.,10355,1243,Bitcoin,,,,No
1511492073618575367,woonomic,Willy Woo,No,2022-04-05T23:52:47+00:00,@hunterwalk Fact check. There are 84m families in the US. $100k per family is $8.4 trillion. Total US student debt is $1.8 trillion. His stake in Twitter was worth $2.9 billion before the market reacted.,10219,236,,hunterwalk,"100k,8,1,2",,No
1466372068501442564,woonomic,Willy Woo,No,2021-12-02T11:41:59+00:00,This is what it‚Äôs like posting on Twitter.,10018,1336,,,,,No
1449415725353816067,woonomic,Willy Woo,No,2021-10-16T16:43:32+00:00,"The technical name for this chart is ""2022 is gonna be a good year"". https://t.co/SoHoPhUpvR",9206,1571,,,,https://t.co/SoHoPhUpvR,No
1393183818132066304,woonomic,Willy Woo,No,2021-05-14T12:38:01+00:00,"Elon, a single opinion, talking up and down the market tells me how niche and small crypto is (2% of the world is tiny).",8135,653,,,,,No
1470777764886495233,woonomic,Willy Woo,No,2021-12-14T15:28:39+00:00,"The last time retail bought the dip this hard was at the bottom of the COVID crash. Probably nothing, few, etc etc. https://t.co/HuxNxYMl48",8075,1521,,,,https://t.co/HuxNxYMl48,No
1580258488684400640,woonomic,Willy Woo,No,2022-10-12T18:05:58+00:00,"#Bitcoin took 6 months to get 1000 users; 5 years to find 1 million users. Today, 13.8 years from inception, it has 300m+ users, 4% of the world. At current growth rates, 1 billion users will be hit in the next 3 years. That's 12% of the world. https://t.co/akMbNySaGw",7670,2245,Bitcoin,,,https://t.co/akMbNySaGw,No
1442844542139392009,woonomic,Willy Woo,No,2021-09-28T13:32:00+00:00,"Wired $16k USD to pay a small bill. Receiving bank blocked it. Wanted me to provide: - a police report - a resume They say USD is a good medium of exchange, but this is a lie, it's terrible. USD has been weaponised via the banking system, it's now a medium of national defence.",7465,910,,,16k,,No
1405535934028816393,woonomic,Willy Woo,No,2021-06-17T14:40:54+00:00,Coming out of paternity leave today. Proud daddy mode. ‚ù§Ô∏è‚ù§Ô∏è https://t.co/MVdI5vBE8X,7582,73,,,,https://t.co/MVdI5vBE8X,No
1411130173106184195,woonomic,Willy Woo,No,2021-07-03T01:10:25+00:00,#Bitcoin: backed by clean renewable energy USD Petrodollar: backed by the Eye of Sauron,7113,1353,Bitcoin,,,,No
1461951222890459139,woonomic,Willy Woo,No,2021-11-20T06:55:07+00:00,Even politicians are bullish on BTC.,7159,715,,,,,No
1424188830576300039,woonomic,Willy Woo,No,2021-08-08T02:00:52+00:00,#Bitcoin price would need to move to $53k to address the demand/supply imbalance in the market.,7048,732,Bitcoin,,53k,,No
1421565118047920128,woonomic,Willy Woo,No,2021-07-31T20:15:10+00:00,"What makes the last 8 consecutive days very special from an on-chain perspective is that EVERYONE is buying, from shrimps to whales. We've not seen a pattern like this looking back 10 years.",7065,961,,,,,No
1450372997303308288,woonomic,Willy Woo,No,2021-10-19T08:07:23+00:00,China banned BTC transactions and mining only 150 days ago. Today the network is more decentralised than ever and price has risen +50% . Antifragile.,7080,942,,,,,No
1441777899397255178,woonomic,Willy Woo,No,2021-09-25T14:53:32+00:00,#Bitcoin has entered the Never Gonna Give You Up phase of the Astley Cycle. https://t.co/zDDF6qklec,6951,1020,Bitcoin,,,https://t.co/zDDF6qklec,No
1916861996021989540,realDonaldTrump,Donald J. Trump,No,2025-04-28T14:28:08+00:00,"Join me tomorrow, April 29th‚Äîin Warren, Michigan at 6:00PM Eastern! https://t.co/TptdFccVat",70351,13032,,,,https://t.co/TptdFccVat,No
1915192938537111835,realDonaldTrump,Donald J. Trump,No,2025-04-23T23:55:53+00:00,RT @johnrich: A conversation about online child predators with Homeland Security and John Rich: PLS Repost! https://t.co/zChy4K5HQU,0,8947,,johnrich,,https://t.co/zChy4K5HQU,Yes
1913359413215142354,realDonaldTrump,Donald J. Trump,No,2025-04-18T22:30:07+00:00,"Sleepy Joe Biden, THE WORST PRESIDENT IN THE HISTORY OF THE UNITED STATES, has allowed millions and millions of Criminals, many of them murderers, drug dealers, and people released from prisons and mental institutions from all around the world, to enter our Country through it‚Äôs",387945,56429,,,,,No
1913359035132158083,realDonaldTrump,Donald J. Trump,No,2025-04-18T22:28:37+00:00,"Following my Day One Executive Order, the Office of Personnel Management will be issuing new Civil Service Regulations for career government employees. Moving forward, career government employees, working on policy matters, will be classified as ‚ÄúSchedule Policy/Career,‚Äù and will",202030,34531,,,,,No
1913358867708493982,realDonaldTrump,Donald J. Trump,No,2025-04-18T22:27:57+00:00,"This is the hand of the man that the Democrats feel should be brought back to the United States, because he is such ‚Äúa fine and innocent person.‚Äù They said he is not a member of MS-13, even though he‚Äôs got MS-13 tattooed onto his knuckles, and two Highly Respected Courts found https://t.co/31sNr2k1SK",495363,82105,,,,https://t.co/31sNr2k1SK,No
1912502477359894605,realDonaldTrump,Donald J. Trump,No,2025-04-16T13:44:57+00:00,https://t.co/Y6OFeGKS4l,156016,24118,,,,https://t.co/Y6OFeGKS4l,No
1909258878035828788,realDonaldTrump,Donald J. Trump,No,2025-04-07T14:56:03+00:00,"The United States has a chance to do something that should have been done DECADES AGO. Don‚Äôt be Weak! Don‚Äôt be Stupid! Don‚Äôt be a PANICAN (A new party based on Weak and Stupid people!). Be Strong, Courageous, and Patient, and GREATNESS will be the result!",508758,73642,,,,,No
1909258777380974625,realDonaldTrump,Donald J. Trump,No,2025-04-07T14:55:39+00:00,"Oil prices are down, interest rates are down (the slow moving Fed should cut rates!), food prices are down, there is NO INFLATION, and the long time abused USA is bringing in Billions of Dollars a week from the abusing countries on Tariffs that are already in place. This is",507253,69912,,,,,No
1908300360810479821,realDonaldTrump,Donald J. Trump,No,2025-04-04T23:27:15+00:00,"These Houthis gathered for instructions on an attack. Oops, there will be no attack by these Houthis! They will never sink our ships again! https://t.co/lEzfyDgWP5",479953,62257,,,,https://t.co/lEzfyDgWP5,No
1907782254572470670,realDonaldTrump,Donald J. Trump,No,2025-04-03T13:08:29+00:00,https://t.co/ZoSf5TdLqo,184841,32080,,,,https://t.co/ZoSf5TdLqo,No
1907525286150754745,realDonaldTrump,Donald J. Trump,No,2025-04-02T20:07:22+00:00,https://t.co/CdTzF2sfMZ,120951,23983,,,,https://t.co/CdTzF2sfMZ,No
1907459922113028104,realDonaldTrump,Donald J. Trump,No,2025-04-02T15:47:38+00:00,https://t.co/k8Eh7B8fq3,159124,29796,,,,https://t.co/k8Eh7B8fq3,No
1907428426648023398,realDonaldTrump,Donald J. Trump,No,2025-04-02T13:42:29+00:00,https://t.co/RPXb6Y9E6y,381207,47581,,,,https://t.co/RPXb6Y9E6y,No
1907174400144589035,realDonaldTrump,Donald J. Trump,No,2025-04-01T20:53:05+00:00,"REPUBLICANS MUST DEFUND AND TOTALLY DISASSOCIATE THEMSELVES FROM NPR &amp; PBS, THE RADICAL LEFT ‚ÄúMONSTERS‚Äù THAT SO BADLY HURT OUR COUNTRY!",263845,39035,,,,,No
1906780985888522694,realDonaldTrump,Donald J. Trump,No,2025-03-31T18:49:47+00:00,The Iran-backed Houthi Terrorists have been decimated by the relentless strikes over the past two weeks. Many of their Fighters and Leaders are no longer with us. We hit them every day and night ‚Äî Harder and harder. Their capabilities that threaten Shipping and the Region are,268162,40019,,,,,No
1906780813204836475,realDonaldTrump,Donald J. Trump,No,2025-03-31T18:49:06+00:00,"There will never have been a transformation of a Country like the transformation that is happening, for all to see, in the United States of America. Companies are pouring into our Country at levels never seen before, with Jobs (and Money!) to follow. It is a beautiful thing to",368080,51729,,,,,No
1906780560141250562,realDonaldTrump,Donald J. Trump,No,2025-03-31T18:48:06+00:00,"In two months, there has been more Private Investment spoken for, and/or committed to, than in four years of the Sleepy Joe Biden Administration ‚Äî A fact that the Fake News hates talking about!",177417,24749,,,,,No
1906772680805646368,realDonaldTrump,Donald J. Trump,No,2025-03-31T18:16:47+00:00,"Thank you President Bukele, of El Salvador, for taking the criminals that were so stupidly allowed, by the Crooked Joe Biden Administration, to enter our Country, and giving them such a wonderful place to live!",361865,58580,,,,,No
1906701492192420117,realDonaldTrump,Donald J. Trump,No,2025-03-31T13:33:55+00:00,https://t.co/PRHm1dTtSX,124689,22704,,,,https://t.co/PRHm1dTtSX,No
1906700623615078744,realDonaldTrump,Donald J. Trump,No,2025-03-31T13:30:28+00:00,"America First Patriot Randy Fine is running to represent the Wonderful People of Florida‚Äôs 6th Congressional District! A highly successful, Harvard educated businessman, and greatly respected State Legislator, Randy has been a tremendous Voice for MAGA. In Congress, Randy will be",105253,21179,,,,,No
1719887650688282786,chamath,Chamath Palihapitiya,No,2023-11-02T01:22:24+00:00,"Learn With Me I‚Äôm often asked how I quickly synthesize information and form opinions. The value, to me, of doing this can be summarized as follows: - Be more informed about technology, markets and the economy. - Improve my situational awareness about trends and competitors. - https://t.co/zMfucMxOqe",9799,2942,,,,https://t.co/zMfucMxOqe,No
1354840270064377858,chamath,Chamath Palihapitiya,No,2021-01-28T17:14:26+00:00,"In moments of uncertainty, when courage and strength are required, you find out who the true corporatist scumbags are.",124489,19192,,,,,No
1881325230263779482,chamath,Chamath Palihapitiya,No,2025-01-20T12:57:42+00:00,"If you weren‚Äôt sure who the Deep State were, they all got pardoned today.",130698,17890,,,,,No
1355580731980869637,chamath,Chamath Palihapitiya,No,2021-01-30T18:16:46+00:00,r/wallstreetbets is now the largest hedge fund in the world. Excepts it‚Äôs completely decentralized and entirely democratic.,90015,11908,,,,,No
1355186473339736068,chamath,Chamath Palihapitiya,No,2021-01-29T16:10:08+00:00,"Facebook and @RobinhoodApp are the same: They both trick you into thinking you are the customer. But, in fact, you are the product and your data is the asset. These assets are then sold to their true customers who pay them money and always at your expense. STOP BEING TRICKED!",83295,15551,,RobinhoodApp,,,No
1355778219052466177,chamath,Chamath Palihapitiya,No,2021-01-31T07:21:31+00:00,"Buffett once said: ‚ÄúIt‚Äôs not about timing the market, it‚Äôs about time in market.‚Äù There should be a step down in capital gains tax for individuals as they hold stocks. 20% per year decrease in cap gains tax. 0% after a five year hold period. Incentivize long term behavior.",82397,8142,,,,,No
1895538456446763042,chamath,Chamath Palihapitiya,No,2025-02-28T18:16:00+00:00,That was the most incredible thing I‚Äôve ever seen. He got bitch slapped for a) having a poor hand b) for pushing the world to the brink of WW3 c) for not saying thank you for billions in aid d) for campaigning against the President and helping his opponent in the election,71056,8165,,,,,No
1354947541125611526,chamath,Chamath Palihapitiya,No,2021-01-29T00:20:42+00:00,"I remember when I met the @RobinhoodApp founders when they were raising their Seed, Series A and Series B. I passed. Why? Optimize for integrity whenever possible because integrity compounds and assholes will fuck you. #DeleteRobinhood",60920,8864,DeleteRobinhood,RobinhoodApp,,,No
1358170492272787463,chamath,Chamath Palihapitiya,No,2021-02-06T21:47:33+00:00,Some of us are lucky enough to inherit the following balance sheet from our parents: Contacts: 0 Money: 0 Power: 0 Resiliency: ‚ôæ Desire: ‚ôæ Drive: ‚ôæ Grit: ‚ôæ How lucky were WE?!?!,57487,8152,,,,,No
1883007966313599134,chamath,Chamath Palihapitiya,No,2025-01-25T04:24:18+00:00,".@POTUS is right. Snowmelt from the Sierra Nevadas and rainfall sent almost 30 million cubic acres of water into the Sacramento River Delta over the past 15 months. Of this, only 23% was sent to productive use in farmland irrigation and homes. A staggering 77% was sent to https://t.co/yEQUg5ctMf",57260,19207,,POTUS,,https://t.co/yEQUg5ctMf,No
1355204597703274497,chamath,Chamath Palihapitiya,No,2021-01-29T17:22:09+00:00,All the money in 2008 was made by suits identifying a market dislocation and exploiting it. All the money in 2021 was made by retail identifying a market dislocation and exploiting it...until the suits intervened. üëÄ What‚Äôs the difference with these two statements?,48241,7452,,,,,No
1886155819382919395,chamath,Chamath Palihapitiya,No,2025-02-02T20:52:45+00:00,"You are wrong. The five alarm fire will happen AFTER the WH reveals some of the waste, fraud and corruption this team uncovers. This will be Iran Contra on steroids. I‚Äôd buckle up.",49236,6286,,,,,No
1887235199437840662,chamath,Chamath Palihapitiya,No,2025-02-05T20:21:49+00:00,"Connecting the dots: (1) You work your ass of, with no real wage growth over the past many years. (2) The government takes more and more of your money through taxation, telling you it all goes to a good cause and you will reap the benefits. (3) Nothing actually gets better so",46893,8360,,,,,No
1855397474535674017,chamath,Chamath Palihapitiya,No,2024-11-09T23:50:04+00:00,I cancelled my @nytimes and @washingtonpost subscriptions and just reallocated the money to subscribe and follow the following folks on @X whom I believe help me get accurate news. @cremieuxrecueil @AutismCapital @shellenberger @KanekoaTheGreat @TheChiefNerd I will,44639,4781,,"nytimes,washingtonpost,X,cremieuxrecueil,AutismCapital,shellenberger,KanekoaTheGreat,TheChiefNerd",,,No
1906037828397728164,chamath,Chamath Palihapitiya,No,2025-03-29T17:36:45+00:00,"After watching the Fox interview with the DOGE team, it‚Äôs clear to me that the domestic terrorism against Tesla isn‚Äôt bottoms-up vandalism. It‚Äôs an organized effort to pressure Elon to walk away from DOGE. Why? There are monied interests that have benefited for decades from",39864,7634,,,,,No
1363571801289154560,chamath,Chamath Palihapitiya,No,2021-02-21T19:30:26+00:00,Im about to really fuck some shit up...just fyi.,36780,2946,,,,,No
1344306851891056642,chamath,Chamath Palihapitiya,No,2020-12-30T15:38:24+00:00,"When $BTC gets to $150k, I will buy The Hamptons and convert it to sleepaway camps for kids, working farms and low-cost housing.",36814,2634,,,"BTC,150k",,No
1838686839168995474,chamath,Chamath Palihapitiya,No,2024-09-24T21:07:58+00:00,And this happened today. https://t.co/tKLnRHnDcg,37270,1076,,,,https://t.co/tKLnRHnDcg,No
1855673577808552278,chamath,Chamath Palihapitiya,No,2024-11-10T18:07:12+00:00,"I am fortunate to be able to spend 6-8weeks in Italy every summer. I work in Milan for 4-6 weeks and then take my summer vacation for 2-3 weeks. More importantly, I get to eat non American food sources for an extended period every year. And I always lose weight! Usually",36268,3629,,,,,No
1355936829048979460,chamath,Chamath Palihapitiya,No,2021-01-31T17:51:46+00:00,"This is how you entrench inequality: We let the poor ‚Äúinvest‚Äù in lottery tickets, sports gambling and casinos but not startups. The first three are perennial losers. Startups have returned 15% over the past 50 years.",33507,5401,,,,,No
1912947510936785202,brian_armstrong,Brian Armstrong,No,2025-04-17T19:13:22+00:00,This was a really fun conversation,502,59,,,,,No
1592689928038912000,brian_armstrong,Brian Armstrong,No,2022-11-16T01:24:04+00:00,"Twitter has broken just about every piece of this FTX story using blockchain analytics, while NYT is writing puff pieces on a criminal. Feels like a turning point for citizen journalism and loss of trust in MSM.",83170,16514,,,,,No
1861890800268775923,brian_armstrong,Brian Armstrong,No,2024-11-27T21:52:13+00:00,"Can confirm this is true. It was one of the most unethical and un-American things that happened in the Biden administration, and my guess is we'll find Elizabeth Warren's fingerprints all over it (Biden himself was probably unaware). We're still collecting documents via FOIA",46525,7539,,,,,No
1864510348856053858,brian_armstrong,Brian Armstrong,No,2024-12-05T03:21:22+00:00,"If you bought $100 of Bitcoin when Coinbase was founded in June 2012, it would now be worth about $1,500,000. If you kept the $100 USD you'd only be able to purchase about $73 worth of goods today. Bitcoin is the best performing asset of the last 12 years, and it's still early https://t.co/dvBgX5K7or",42356,6689,,,"100,1,100,73",https://t.co/dvBgX5K7or,No
1666129111025324035,brian_armstrong,Brian Armstrong,No,2023-06-06T17:05:09+00:00,"Regarding the SEC complaint against us today, we're proud to represent the industry in court to finally get some clarity around crypto rules. Remember: 1. The SEC reviewed our business and allowed us to become a public company in 2021. 2. There is no path to ""come in and",36154,8366,,,,,No
1844040530621272279,brian_armstrong,Brian Armstrong,No,2024-10-09T15:41:37+00:00,"I got married this past weekend to my long term partner and best friend, Angela Meng! Can‚Äôt wait to build a life together. https://t.co/egrlD3fKVz",36208,1084,,,,https://t.co/egrlD3fKVz,No
1435439291715358721,brian_armstrong,Brian Armstrong,No,2021-09-08T03:06:10+00:00,1/ Some really sketchy behavior coming out of the SEC recently. Story time‚Ä¶,32230,9193,,,,,No
1428489591665856512,brian_armstrong,Brian Armstrong,No,2021-08-19T22:50:33+00:00,We recently received board approval to purchase over $500M of crypto on our balance sheet to add to our existing holdings. And we'll be investing 10% of all profit going forward in crypto. I expect this percentage to keep growing over time as the cryptoeconomy matures.,30436,5121,,,500M,,No
1599159873232842758,brian_armstrong,Brian Armstrong,No,2022-12-03T21:53:19+00:00,I don't care how messy your accounting is (or how rich you are) - you're definitely going to notice if you find an extra $8B to spend. Even the most gullible person should not believe Sam's claim that this was an accounting error.,27631,3604,,,8B,,No
1590511022104010753,brian_armstrong,Brian Armstrong,No,2022-11-10T01:05:52+00:00,"@SenWarren @SECGov https://t.co/0HxlRiI6Sy was an offshore exchange not regulated by the SEC. The problem is that the SEC failed to create regulatory clarity here in the US, so many American investors (and 95% of trading activity) went offshore. Punishing US companies for this makes no sense.",24884,4412,,"SenWarren,SECGov",,https://t.co/0HxlRiI6Sy,No
1850383602741043631,brian_armstrong,Brian Armstrong,No,2024-10-27T03:46:44+00:00,"This seems like the first election where new media has fully flipped traditional media. Long form podcasts, X/social, prediction markets etc deciding this election. Also holding traditional media accountable. Happened gradually then suddenly.",22289,2465,,,,,No
1423744994444206092,brian_armstrong,Brian Armstrong,No,2021-08-06T20:37:13+00:00,1/ There are a few key moments that define our future. One is happening now in the Senate w/ the infrastructure bill. At the 11th hour @MarkWarner has proposed an amendment that would decide which foundational technologies are OK and which are not in crypto. This is disastrous.,19962,4757,,MarkWarner,,,No
1892922696536555614,brian_armstrong,Brian Armstrong,No,2025-02-21T13:01:54+00:00,"Great news! After years of litigation, millions of your taxpayer dollars spent, and irreparable harm done to the country, we reached an agreement with SEC staff to dismiss their litigation against Coinbase. Once approved by the Commission (which we're told to expect next week) https://t.co/IlnoBs7N6n",18545,2993,,,,https://t.co/IlnoBs7N6n,No
1393264788415815680,brian_armstrong,Brian Armstrong,No,2021-05-14T17:59:45+00:00,"9 years ago today, I founded Coinbase. One of the most important lessons I come back after all this time is long-term focus.",16343,1922,,,,,No
1519019049044172801,brian_armstrong,Brian Armstrong,No,2022-04-26T18:22:17+00:00,"Elon buying twitter is a great win for free speech, and probably changes the trajectory of the world more than most people realize. Twitter is upstream of media and culture in many ways, and it was trending in a very dangerous direction on censorship.",15821,1141,,,,,No
1382428172273131522,brian_armstrong,Brian Armstrong,No,2021-04-14T20:18:55+00:00,"1/ Today is a big moment for @coinbase as we become a public company. But it‚Äôs also a big one for crypto. This all started with the Bitcoin whitepaper 12 years ago, a deceptively simple 9 page document by Satoshi Nakamoto that ignited a global movement. https://t.co/4pE006XTFP",15517,2448,,coinbase,,https://t.co/4pE006XTFP,No
1898144106804920349,brian_armstrong,Brian Armstrong,No,2025-03-07T22:49:55+00:00,"Historic day at the Whitehouse Digital Asset Summit. Thanks to @POTUS‚Äôs leadership, along with @DavidSacks, the U.S. now has a Strategic Bitcoin Reserve and emerging regulatory clarity. This is directly translating to economic growth in the U.S. For instance, Coinbase plans to https://t.co/5ARspOgDZy",16074,2241,,"POTUS,DavidSacks",,https://t.co/5ARspOgDZy,No
1883329603239899346,brian_armstrong,Brian Armstrong,No,2025-01-26T01:42:22+00:00,"We need to rethink our listing process at @coinbase given there are ~1m tokens a week being created now, and growing. High quality problem to have, but evaluating each one by one is no longer feasible. And regulators need to understand that applying for approval for each one is",15662,1607,,coinbase,,,No
1638654192138199041,brian_armstrong,Brian Armstrong,No,2023-03-22T21:29:38+00:00,1/ Today Coinbase received a Wells notice from the SEC focused on staking and asset listings. A Wells notice typically precedes an enforcement action.,14711,3723,,,,,No
1452830088823771139,brian_armstrong,Brian Armstrong,No,2021-10-26T02:51:00+00:00,The Ripple case seems to be going better than expected. Meanwhile the SEC is realizing that attacking crypto is politically unpopular (because it harms consumers). https://t.co/ePLnbqNLwU,14241,3740,,,,https://t.co/ePLnbqNLwU,No
1280257955787661315,PeterSchiff,Peter Schiff,No,2020-07-06T21:50:57+00:00,"America was founded by rugged individuals who created government to secure their rights and leave them alone. Americans today want government to violate other people's rights, steal their stuff, and give it to them. The home of the free has become the land of the freeloader.",47155,10571,,,,,No
1887280555936649688,PeterSchiff,Peter Schiff,No,2025-02-05T23:22:03+00:00,"Let me get this straight. The Biden Administration paid Politico millions of dollars under the table to spread propaganda, which Politico then fraudulently represented to the public as being legitimate news. And they call Trump a fascist!",63525,10480,,,,,No
1849561615714103434,PeterSchiff,Peter Schiff,No,2024-10-24T21:20:27+00:00,"Now @realDonaldTrump is advocating eliminating the income tax completely and replacing it with tariffs, which was how the federal government was funded prior to 1913. In fact, the 16th Amendment was ratified precisely to replace tariffs on the middle class with income taxes on",58830,8029,,realDonaldTrump,,,No
1907812445260800264,PeterSchiff,Peter Schiff,No,2025-04-03T15:08:27+00:00,"Nike won't build factories in the U.S. to make sneakers. That would add more cost than the 40% tariffs. Plus, they need to stay competitive selling to customers in other countries that don't impose tariffs. The result will be fewer sneakers sold in the U.S. at much higher prices.",58266,6802,,,,,No
1377626254619328524,PeterSchiff,Peter Schiff,No,2021-04-01T14:17:48+00:00,I was wrong about #Bitcoin.,46056,6546,Bitcoin,,,,No
1835469311219208487,PeterSchiff,Peter Schiff,No,2024-09-16T00:02:39+00:00,The fact that they keep trying to kill #Trump is reason enough to vote for him.,46945,5208,Trump,,,,No
1758626525501329545,PeterSchiff,Peter Schiff,No,2024-02-16T22:56:52+00:00,"Let me get this straight. Sophisticated big banks decided to loan #Trump money, were repaid in full with interest, never complained, and now Trump was fined $365 million because some judge claims Trump obtained those loans based on fraud. The real fraud is NY's kangaroo court.",39149,8140,Trump,,365,,No
1885398334858244176,PeterSchiff,Peter Schiff,No,2025-01-31T18:42:46+00:00,"Effective tomorrow, Trump will impose 25% tariffs on all products Americans buy from Canada and Mexico, and 10% tariffs on all products they buy from China. Assuming no exemptions, that's a $250 billion tax increase on Americans, which equates to about $2K per household per year.",37142,5646,,,"250,2K",,No
1583071548679737344,PeterSchiff,Peter Schiff,No,2022-10-20T12:24:03+00:00,"I agree with @kanyewest. George Floyd died of a fentanyl overdose. That's consistent with the original autopsy, the physical evidence, witness testimony, and body cam footage the jury ignored. Even if I'm wrong, I have a right to my opinion. I dare Roxie Washington to sue me too.",34483,4712,,kanyewest,,,No
1833697237529952682,PeterSchiff,Peter Schiff,No,2024-09-11T02:41:04+00:00,"What a disgrace. @ABC didn‚Äôt ask a single question about the soaring national debt, the rising cost of servicing that debt, out-of-control entitlement spending, high inflation, rising unemployment, record-high consumer debt, record-low savings, or the explosion of moonlighting.",36259,6677,,ABC,,,No
1896660831880007729,PeterSchiff,Peter Schiff,No,2025-03-03T20:35:55+00:00,"Donald Trump, the first crypto President, just helped pull off the biggest crypto rug pull of all time. A Congressional investigation is now warranted to find out the following regarding this pump and dump scheme. Who authored the two Sunday afternoon posts on the President's",36462,6877,,,,,No
1896274641959927961,PeterSchiff,Peter Schiff,No,2025-03-02T19:01:20+00:00,"I get the rationale for a Bitcoin reserve. I don't agree with it, but I get it. We have a gold reserve. Bitcoin is digital gold, which is better than analog gold. So let's create a Bitcoin reserve too. But what's the rationale for an XRP reserve? Why the hell would we need that?",34632,3063,,,,,No
1826815520248602841,PeterSchiff,Peter Schiff,No,2024-08-23T02:55:35+00:00,#KamalaHarris may have just set a record for telling the most lies in the shortest period of time. I don't even know where to start. I'll just pick one: The Department of Education doesn't fund our public schools; local property taxes do that.,32181,5666,KamalaHarris,,,,No
1828377916402512331,PeterSchiff,Peter Schiff,No,2024-08-27T10:23:59+00:00,"Not only does #Zuckerberg's admission prove that the #Biden Admin. illegally censored free speech, but it also shows that they interfered in the 2020 election. This proves #Trump was right that the 2020 election was stolen. But for this interference, Trump likely would have won!",28897,5068,"Zuckerberg,Biden,Trump",,,,No
1899107505038299571,PeterSchiff,Peter Schiff,No,2025-03-10T14:38:07+00:00,Trump can't win a trade war because he doesn't have the cards.,28622,2567,,,,,No
1509963191492751365,PeterSchiff,Peter Schiff,No,2022-04-01T18:37:33+00:00,"I admit it. You guys are right. I am #Satoshi. Not only am I HODLing billions worth of #Bitcoin, but I'm still buying. That's why I constantly bash Bitcoin. I'm hoping weak hands will sell so I can buy more. My goal is to own all 21 million so I can have the moon all to myself!",25124,1595,"Satoshi,Bitcoin",,,,No
1887220685593784486,PeterSchiff,Peter Schiff,No,2025-02-05T19:24:08+00:00,"I've always known that the U.S. government was a criminal enterprise. My father called it the Federal Mafia. But it took a second Trump term and the help of @elonmusk to expose the evidence to prove it. So far, they've only scratched the surface. We need a special prosecutor.",25857,3627,,elonmusk,,,No
1392624833440227328,PeterSchiff,Peter Schiff,No,2021-05-12T23:36:48+00:00,@elonmusk üçÜ,23752,1190,,elonmusk,,,No
1601613855838572544,PeterSchiff,Peter Schiff,No,2022-12-10T16:24:34+00:00,"I don't understand how @kevinolearytv can claim to have lost $15 million in #FTX, when the entire $15 million was given to him by @SBF_FTX to pump FTX. Kevin's only loss is to his reputation. A lot of people who aren't nearly as rich lost hard-earned money due to his endorsement.",23085,2442,FTX,"kevinolearytv,SBF_FTX","15,15",,No
1894544155893764263,PeterSchiff,Peter Schiff,No,2025-02-26T00:25:00+00:00,"If a U.S. passport is really worth $5 million, Trump only needs to sell about 7 million of them to pay off the National Debt.",24099,1405,,,5,,No
